HHID,CarbEM
955800,0.00161845
955432,0.00254243
955313,0.00162339
955302,0.0041099
955001,0.0033515
954909,0.00350101
954824,0.00226181
954805,0.00264552
954715,0.00181176
954578,0.00446791
954323,0.0011745
954092,0.00227773
953993,0.00491592
953560,0.00534262
953472,0.00239957
952763,0.00275582
952628,0.00128603
952161,0.000759774
952089,0.00124391
951522,0.00180178
951127,0.00362298
951115,0.00335252
949682,0.01197
949496,0.00321305
949308,0.00376315
949240,0.00229989
948838,0.00201846
948383,0.000959579
947708,0.00325966
947561,0.0030345
947422,0.00225148
947395,0.0024758
947351,0.00248066
947259,0.00528911
946804,0.00286788
946754,0.00338465
945826,0.00302232
945765,0.00301773
945705,0.00411648
945628,0.00215399
945568,0.005984
945532,0.00301033
945525,0.00343479
945441,0.00143185
945355,0.00184643
945318,0.00199291
945293,0.000908659
945272,0.00287474
945009,0.0022963
944858,0.00249554
944770,0.00106584
944543,0.00135401
944047,0.00421426
944018,0.00204079
943956,0.000946469
943910,0.00496514
943828,0.00115824
943738,0.002895
942862,0.00432092
942849,0.000221289
942693,0.00325156
942487,0.00662361
942464,0.00190232
942144,0.000964673
942133,0.00264328
942083,0.00578819
941598,0.00144877
941285,0.00182162
940886,0.00411929
940877,0.00323232
940324,0.0015426
940305,0.00144305
939772,0.00299676
939028,0.00550577
938874,0.00342584
938817,0.000938646
938230,0.00120944
938131,0.00142238
938110,0.00161431
937977,0.00162684
937798,0.00208501
937142,0.00149809
935911,0.00235984
935793,0.00273548
935723,0.0016098
935665,0.0054208
935333,0.00218459
935219,0.00159257
935065,0.00387848
935056,0.00497062
935039,0.0044102
934868,0.00411418
934779,0.00287299
934721,0.00317524
934635,0.004969
934633,0.0042511
934536,0.00455984
934471,0.00486595
934461,0.00173202
934389,0.000734765
934346,0.00189146
934319,0.00379685
933991,0.0029384
933915,0.00107105
933866,0.0014649
933740,0.00431483
933609,0.00124726
933514,0.00188536
933336,0.00337422
933183,0.00120355
933155,0.00383298
932958,0.0019391
932805,0.00439491
932708,0.0084434
932635,0.00284685
932534,0.000659292
932406,0.00114128
932216,0.00175129
931617,0.00616567
931584,0.00232437
931452,0.00110369
931220,0.00298328
930984,0.00334655
930570,0.000490065
930300,0.00410464
930126,0.00226148
930023,0.00101457
929985,0.00515541
929971,0.0016415
929883,0.00328039
929776,0.00172952
929770,0.00505932
929642,0.0013289
929429,0.00424233
929290,0.00476809
929229,0.00960484
929207,0.00714247
928931,0.00831331
928696,0.00109022
928695,0.002246
928437,0.00442662
928260,0.00142779
928031,0.00923403
927896,0.00424256
927883,0.00293131
927860,0.00167917
927762,0.00394006
927757,0.00361798
927655,0.00259846
927575,0.00644881
927550,0.00232585
927505,0.00351047
927418,0.0010673
927305,0.00194679
927099,0.00163411
927093,0.00303029
927016,0.00152846
927007,0.003138
926882,0.00240273
926860,0.00293916
926830,0.00296556
926764,0.00406052
926673,0.000711359
926629,0.00286408
926526,0.00219302
926485,0.00165506
926471,0.00365376
926378,0.00213349
926294,0.00115244
926213,0.00256217
925997,0.0016031
925902,0.00320813
925884,0.00287198
925681,0.00233604
925532,0.00223252
925483,0.0018095
925470,0.00323105
925440,0.00243942
925392,0.00755945
925307,0.00282032
925040,0.0024386
925035,0.00562149
924979,0.00409459
924964,0.00403307
924951,0.00636807
924929,0.00185829
924927,0.00183731
924852,0.00387212
924697,0.0020242
924672,0.00127671
924608,0.000607985
924395,0.00124914
923984,0.00598477
923926,0.0015106
923908,0.00302839
923857,0.00575033
923780,0.0028551
923668,0.002496
923536,0.00199343
923426,0.00198578
923406,0.00404144
923324,0.003801
923280,0.00187491
923277,0.00178507
923235,0.00206582
923094,0.00699238
922721,0.000970819
922631,0.000682529
922618,0.00158165
922612,0.00319895
922523,0.00240813
922497,0.00181943
922480,0.00290729
922422,0.00125003
922341,0.00248463
922252,0.00343459
922165,0.00283005
922030,0.00352284
922022,0.00111802
921885,0.00382648
921838,0.00441002
921808,0.00201911
921780,0.0020244
921728,0.00234669
921372,0.00389327
921325,0.00341381
921316,0.00215405
921296,0.00351875
921139,0.00158739
921130,0.00330384
921013,0.00292878
921009,0.0037206
920970,0.00258034
920896,0.00204329
920662,0.00364258
920492,0.0024468
920459,0.00375351
920437,0.00148854
920274,0.0059224
920072,0.00441471
919814,0.00272531
919812,0.00147391
919643,0.00423847
919515,0.00240194
919506,0.0021919
919364,0.00372045
919261,0.0040454
919125,0.00199683
918978,0.0017656
918948,0.0028609
918829,0.00154979
918656,0.000815977
918563,0.00291039
918376,0.00539789
918368,0.00141247
918315,0.00111943
918269,0.00120609
918220,0.000777237
918198,0.00345425
918099,0.00631315
918042,0.0014766
917882,0.00233629
917794,0.00288561
917789,0.00225582
917436,0.0012295
917294,0.00276768
917233,0.00161179
917219,0.00687462
917051,0.00557141
916949,0.00392529
916790,0.000796052
916730,0.0123937
916709,0.000654077
916705,0.0029843
916467,0.00116866
916267,0.0048299
916164,0.0061091
916107,0.00335936
916003,0.00274366
915915,0.00329421
915842,0.00314372
915812,0.00374447
915716,0.00283928
915684,0.00183555
915629,0.00189699
915512,0.00533943
915483,0.00336916
915395,0.00331489
915349,0.00332581
915326,0.00271158
915307,0.00196279
915262,0.0026132
915148,0.0025999
915094,0.00320214
915079,0.00306695
914981,0.00248667
914928,0.00238462
914844,0.00200482
914838,0.000872228
914743,0.000560165
914478,0.000960612
914367,0.00246979
914319,0.00147463
914176,0.00254786
914007,0.00539244
913988,0.00226692
913922,0.00330309
913868,0.00282224
913697,0.00278054
913557,0.00198931
913509,0.00354789
913460,0.00346669
913442,0.00489235
913428,0.00137757
913398,0.00741643
913325,0.00448043
913315,0.00365386
913293,0.00359431
913242,0.00175658
913221,0.00494456
913196,0.00519003
913195,0.00159148
913187,0.00266714
913103,0.00264603
913000,0.00227623
912948,0.00194525
912747,0.00261931
912713,0.000653255
912693,0.00275043
912659,0.000533013
912628,0.00070039
912587,0.00287879
912472,0.00262257
912442,0.00149269
912316,0.00272656
912151,0.00220802
911652,0.00184109
911522,0.0128429
911484,0.00453524
911481,0.00340657
911461,0.00306485
911310,0.00661582
911204,0.00234261
911155,0.00175094
911093,0.00143458
910878,0.00246358
910776,0.00211924
910662,0.00318578
910480,0.00300181
910376,0.00134915
910332,0.000945963
910316,0.00211522
910045,0.00314758
910009,0.00220367
909990,0.00151905
909967,0.00173965
909872,0.00303987
909847,0.00262661
909805,0.00326959
909733,0.00211677
909635,0.00274978
909629,0.00256639
909489,0.00210195
909464,0.00278684
909352,0.00358401
909312,0.00286154
909265,0.00312431
909253,0.00407333
909196,0.00377152
909090,0.00292925
908941,0.00304341
908760,0.0023172
908685,0.00622363
908588,0.0081343
908477,0.0032412
908374,0.00366571
908097,0.0023986
908088,0.00282109
908087,0.00261871
907946,0.00259291
907698,0.0109123
907589,0.00235074
907523,0.0023288
907363,0.00556656
907287,0.00307706
907199,0.00379304
907195,0.00275095
907178,0.00254211
907138,0.00207509
907135,0.00123253
907122,0.00457305
906802,0.00265167
906523,0.00287304
906472,0.00247862
906468,0.00282177
906383,0.00514764
906218,0.00320086
906092,0.00371732
905898,0.0022961
905759,0.00438396
905714,0.00414157
905708,0.00171029
905592,0.00452216
905557,0.00350382
905533,0.00361446
905447,0.00342844
905368,0.00455511
905328,0.0024412
905283,0.00158294
905197,0.00565065
905132,0.00222075
905111,0.00320362
905107,0.00246227
905089,0.00474758
905080,0.00267593
904918,0.00516336
904851,0.00243656
904838,0.00216534
904749,0.0043
904746,0.000580297
904738,0.000888277
904693,0.00424883
904666,0.0043617
123021,0.00221094
123007,0.00257216
122946,0.00216395
122837,0.00306394
122829,0.00492297
122688,0.00198006
122614,0.0020763
122585,0.00120319
122569,0.00251544
122548,0.00291982
122533,0.001848
122480,0.00237123
122457,0.0116783
122330,0.001658
122318,0.0028687
122253,0.00291017
122227,0.00408499
122190,0.00288859
122113,0.00672001
122086,0.00225091
122085,0.00187639
122018,0.00157172
122008,0.00137102
121997,0.00222365
121990,0.00756418
121983,0.0037844
121959,0.00241999
121950,0.00299472
121902,0.00188804
121878,0.00437459
121865,0.00140281
121861,0.00113107
121800,0.000516202
121780,0.00312874
121700,0.00107677
121688,0.00200888
121589,0.00175916
121580,0.00164364
121566,0.00216427
121565,0.00379068
121562,0.00394578
121557,0.00295101
121554,0.00310698
121552,0.00206967
121550,0.00177868
121540,0.00475282
121501,0.00190074
121480,0.00294505
121447,0.0028333
121438,0.0030505
121421,0.0032511
121397,0.00208094
121362,0.00101253
121357,0.00293178
121294,0.00721192
121290,0.00145694
121287,0.00308998
121278,0.00182566
121259,0.00292367
121241,0.00536146
121221,0.00120861
121184,0.00260765
121181,0.00208183
121133,0.00494379
120993,0.00174274
120958,0.00262826
120875,0.00759268
120860,0.00148884
120820,0.000560289
120807,0.00249618
120792,0.00237778
120748,0.00160619
120743,0.00157421
120690,0.00220477
120683,0.00440968
120678,0.00165718
120664,0.00347601
120657,0.0016314
120619,0.00295577
120606,0.00178006
120581,0.000785589
120570,0.00281118
120555,0.00278032
120551,0.00164696
120537,0.00386476
120517,0.00191499
120513,0.0117843
120511,0.00342373
120506,0.00257214
120505,0.00570284
120501,0.00234113
120464,0.00266971
120448,0.00483637
120419,0.000453765
120394,0.00343757
120388,0.00848794
120336,0.00199965
120313,0.00189787
120256,0.00360305
120245,0.00673604
120223,0.00268921
120209,0.00315784
120182,0.00343029
120177,0.000841115
120170,0.00280089
120156,0.00165975
120149,0.0019169
120136,0.00200275
120135,0.00402507
120108,0.00393272
120101,0.00368724
120085,0.0026717
120073,0.00172159
120045,0.00171343
120016,0.00579083
120014,0.0023773
119997,0.00291891
119992,0.00304944
119991,0.0026798
119929,0.00985623
119923,0.00252839
119921,0.000145605
119877,0.0012444
119863,0.00293528
119861,0.00290026
119842,0.00176149
119830,0.00255056
119811,0.00313996
119797,0.00842023
119794,0.00457255
119777,0.00595196
119776,0.00182344
119775,0.00209302
119774,0.000888002
119757,0.00242404
119754,0.00340801
119711,0.00158751
119709,0.00391298
119701,0.00988047
119669,0.00253931
119653,0.00113633
119597,0.00499007
119546,0.0103483
119536,0.00160431
119534,0.00453852
119533,0.00341539
119512,0.00203632
119504,0.00127463
119500,0.00282556
119497,0.00748803
119495,0.0018384
119494,0.00187944
119492,0.00388297
119461,0.00468583
119442,0.00222256
119432,0.002793
119424,0.00201081
119423,0.00264698
119401,0.00280198
119355,0.00188961
119340,0.00074203
119315,0.00283165
119313,0.00188386
119308,0.00246673
119302,0.00143896
119279,0.00202003
119254,0.00362721
119248,0.000957384
119245,0.00223716
119241,0.00189847
119240,0.00155898
119220,0.00264701
119205,0.00102899
119198,0.00185862
119178,0.00198216
119176,0.00245223
119174,0.00381127
119156,0.00849333
119155,0.00316016
119154,0.00148123
119152,0.00184258
119143,0.00120763
119133,0.00278033
119103,0.00478532
119102,0.00241101
119099,0.00268689
119095,0.00333741
119086,0.00210666
119082,0.00204948
119081,0.00372385
119075,0.0057543
119070,0.00183273
119068,0.000871045
119067,0.0052094
119066,0.0019256
119029,0.00360335
119026,0.00211788
119012,0.00378579
119008,0.00376273
118996,0.00173783
118985,0.00280528
118970,0.00550586
118946,0.00277653
118935,0.00359533
118925,0.00451344
118915,0.00331769
118911,0.00221871
118905,0.00365479
118899,0.000947406
118898,0.00221528
118884,0.00333947
118861,0.00286878
118859,0.00138224
118857,0.0028059
118850,0.002213
118840,0.0080866
118831,0.00193015
118824,0.00690389
118759,0.00272911
118751,0.00435732
118746,0.00191382
118741,0.00132324
118737,0.0022085
118731,0.00265861
118644,0.000259573
118571,0.00330565
118530,0.00129719
118510,0.00285133
118509,0.00385829
118506,0.00194782
118483,0.000690772
118474,0.00160941
118442,0.00218152
118426,0.00682324
118425,0.00176637
118424,0.00243053
118420,0.00243465
118408,0.00346641
118375,0.00273193
118300,0.00311645
118284,0.0016473
118276,0.00214141
118268,0.00158996
118266,0.00268437
118264,0.00610926
118254,0.00423051
118239,0.00225031
118235,0.00269407
118231,0.00173984
118215,0.00201543
118210,0.00254513
118206,0.000887118
118200,0.00538205
118199,0.00311193
118198,0.00238477
118195,0.00230384
118190,0.0019677
118181,0.00227655
118179,0.00228382
118172,0.00132885
118164,0.0016577
118153,0.00261766
118148,0.00207291
118147,0.00336165
118140,0.00686462
118139,0.00189952
118132,0.00201927
118131,0.00171493
118124,0.00345908
118122,0.00500561
118112,0.00247353
118110,0.00499174
118106,0.00250998
118093,0.00154908
118086,0.00355165
118083,0.00471875
118074,0.00220212
118066,0.000376344
118059,0.00302528
118054,0.00379293
118051,0.00317742
118049,0.00176646
118044,0.00557809
118032,0.00275315
118028,0.00394921
118027,0.00266504
118025,0.00219666
118019,0.00270651
118005,0.00120927
118004,0.0042084
117986,0.00208842
117982,0.00563993
117967,0.00313431
117966,0.00305743
117963,0.00260683
117961,0.00230751
117941,0.00152309
117930,0.0023694
117926,0.00216768
117920,0.00252606
117918,0.00301623
117911,0.00218493
117905,0.00230409
117903,0.00225617
117899,0.00224311
117898,0.00122465
117890,0.00343199
117888,0.00202595
117880,0.00287511
117879,0.00279605
117867,0.00432346
117862,0.00196611
117850,0.000542149
117829,0.00333017
117823,0.00498638
117819,0.0028442
117798,0.00616578
117794,0.00264077
117783,0.00107351
117770,0.0043121
117768,0.00182219
117764,0.0024778
117762,0.00147427
117750,0.00303236
117732,0.00160113
117729,0.00480688
117712,0.00197729
117710,0.00134856
117677,0.00139119
117651,0.0062066
117631,0.0029523
117628,0.00221231
117626,0.00310052
117623,0.00178477
117621,0.00264094
117619,0.00467367
117617,0.00195073
117612,0.00228495
117605,0.00238757
117601,0.00443374
117599,0.00315967
117594,0.00369474
117593,0.00185646
117587,0.00422212
117581,0.00221459
117578,0.00542686
117576,0.00442407
117567,0.000902522
117563,0.00415571
117559,0.00178816
117555,0.0034613
117546,0.00250596
117531,0.00306181
117513,0.00258335
117507,0.0013205
117503,0.00600624
117470,0.00154913
117451,0.00405877
117441,0.00293571
117439,0.0026778
117437,0.00493801
117408,0.00201023
117407,0.00383372
117406,0.00346256
117398,0.00252679
117394,0.0016151
117393,0.00302035
117381,0.00456147
117372,0.00165867
117358,0.000544744
117320,0.00351326
117261,0.00439262
117243,0.00533376
117238,0.00197426
117200,0.00217497
117194,0.00269683
117182,0.00132909
117173,0.00254508
117164,0.00150941
117163,0.00756574
117162,0.00375855
117154,0.00209539
117153,0.0022271
117151,0.000668662
117143,0.00444491
117142,0.00139642
117135,0.00520268
117108,0.00251773
117080,0.00243192
117072,0.00159043
117062,0.00326848
117050,0.00219158
117037,0.00154645
117017,0.00388599
116990,0.00342418
116986,0.00258438
116970,0.0019554
116945,0.00153297
116938,0.00220076
116922,0.00608001
116910,0.00192944
116902,0.00206146
116883,0.00263843
116866,0.00309344
116858,0.00206282
116847,0.00287959
116826,0.0011791
116825,0.00265908
116810,0.000695508
116806,0.00156796
116787,0.0021062
116776,0.00140492
116750,0.00121528
116745,0.00255289
116728,0.00204229
116711,0.00176979
116701,0.0014136
116700,0.00135162
116695,0.00266766
116687,0.00522551
116669,0.00315818
116663,0.00480309
116658,0.00678314
116657,0.00370586
116639,0.00138022
116633,0.00164914
116627,0.00349828
116621,0.00345157
116615,0.00210739
116611,0.00175333
116608,0.00382793
116593,0.00209099
116581,0.00231399
116560,0.0035169
116533,0.00264726
116510,0.00717304
116509,0.00126363
116488,0.00223552
116471,0.00285012
116467,0.00286148
116437,0.00317779
116418,0.00316742
116360,0.000789522
116352,0.00341274
116347,0.00446708
116345,0.00223349
116338,0.00265168
116335,0.00174574
116317,0.00295344
116315,0.00582211
116306,0.00577003
116305,0.00307958
116285,0.00230469
116283,0.00298874
116279,0.00331293
116275,0.0033583
116268,0.00261444
116243,0.00413803
116238,0.000797654
116221,0.00497118
116208,0.00168406
116205,0.00160106
116200,0.00266998
116183,0.00253206
116173,0.0025176
116152,0.00190122
116142,0.00329687
116121,0.00916006
116107,0.00328293
116095,0.00171415
116087,0.00268019
116086,0.000551955
116076,0.00172835
116057,0.00142595
116053,0.00122158
116045,0.00215565
116041,0.00125316
116032,0.00302247
116016,0.0032052
115994,0.00192978
115962,0.00210922
115947,0.00375046
115936,0.00362173
115921,0.00235673
115917,0.00224019
115905,0.00313997
115895,0.00395501
115894,0.00406592
115889,0.00116865
115881,0.00342074
115872,0.00367256
115862,0.00399405
115843,0.0015377
115830,0.00374096
115824,0.00166597
115813,0.00195781
115812,0.0151561
115808,0.00307492
115805,0.000523725
115803,0.00535538
115801,0.000442714
115798,0.00244387
115794,0.00111562
115793,0.00144547
115791,0.00584542
115764,0.000747088
115754,0.00293276
115740,0.00469355
115739,0.00518583
115713,0.00236064
115709,0.00173056
115693,0.00394306
115668,0.00204514
115667,0.00571353
115666,0.00145079
115655,0.00239424
115652,0.00302093
115649,0.000994116
115595,0.00447572
115586,0.000853738
115576,0.0020965
115508,0.00352392
115488,0.00294758
115487,0.00320993
115480,0.00155578
115478,0.00128892
115465,0.00386761
115452,0.00320341
115443,0.00276904
115428,0.00540754
115414,0.00419138
115408,0.00146234
115402,0.00257939
115391,0.0024462
115385,0.00353943
115355,0.00278982
115351,0.00232131
115330,0.00242082
115321,0.00275405
115319,0.0029521
115311,0.00356167
115308,0.00367335
115298,0.00278445
115295,0.00206685
115289,0.00282252
115257,0.00237425
115255,0.00227064
115254,0.0014633
115245,0.00260024
115230,0.00230556
115206,0.00211193
115194,0.00252947
115187,0.00327908
115185,0.00493796
115183,0.00155101
115177,0.00400603
115161,0.00210361
115158,0.000921317
115157,0.000857004
115146,0.00328718
115124,0.00470961
115111,0.00288271
115065,0.00499148
115025,0.0024817
114981,0.00274797
114957,0.00146704
114951,0.00164413
114934,0.00194809
114930,0.00095888
114929,0.00125947
114925,0.00250991
114924,0.00510955
114919,0.00135329
114907,0.00456254
114898,0.00363895
114854,0.00181923
114849,0.00306667
114847,0.00323015
114845,0.00236519
114842,0.000986912
114841,0.00239473
114838,0.00274777
114836,0.00381724
114834,0.00369321
114825,0.00334791
114820,0.00242996
114791,0.000765549
114778,0.00691803
114776,0.00252349
114772,0.00303516
114769,0.00282749
114757,0.00216008
114751,0.00670152
114746,0.00487225
114708,0.00146979
114702,0.00257593
114692,0.0016539
114688,0.00285804
114682,0.00113896
114678,0.00183536
114663,0.00495816
114661,0.00154047
114638,0.0112038
114635,0.00338084
114634,0.00262754
114629,0.00199834
114625,0.00326678
114623,0.00355616
114600,0.000574703
114534,0.00449234
114510,0.00432478
114480,0.00225095
114464,0.00142577
114456,0.0026541
114453,0.00447714
114446,0.000914285
114443,0.00464605
114437,0.00224081
114427,0.00160367
114424,0.00444954
114417,0.00389311
114413,0.00125796
114411,0.00293041
114410,0.00370632
114388,0.0027308
114362,0.00172053
114355,0.00188435
114354,0.00424133
114352,0.00142398
114348,0.00408002
114347,0.00470996
114341,0.00159598
114337,0.00120014
114336,0.00427995
114326,0.00128885
114319,0.00301884
114285,0.00328834
114280,0.00196809
114272,0.000749001
114268,0.00493796
114263,0.00180194
114240,0.00326009
114237,0.00378967
114235,0.00261012
114225,0.00171439
114222,0.000976172
114211,0.00656374
114200,0.00215547
114169,0.00152383
114168,0.0026073
114166,0.00305391
114163,0.00186489
114155,0.00536567
114154,0.00383811
114129,0.00258124
114127,0.00204868
114102,0.00203745
114097,0.00248918
114091,0.00352357
114085,0.000793036
113994,0.00614105
113974,0.00153318
113969,0.00149337
113964,0.00113062
113962,0.00407353
113959,0.00341418
113957,0.00250109
113951,0.00134781
113948,0.00213272
113947,0.00241249
113932,0.00173132
113931,0.00256951
113917,0.00265411
113911,0.00494916
113905,0.00123391
113901,0.00133585
113899,0.00148748
113896,0.00527851
113886,0.00218543
113880,0.00175978
113879,0.00220273
113870,0.0038504
113855,0.00432218
113840,0.00276184
113834,0.00164362
113815,0.00226295
113799,0.00224213
113798,0.00285388
113794,0.0011408
113770,0.00340182
113767,0.00189101
113752,0.00217419
113750,0.00146564
113746,0.00344775
113736,0.00265513
113701,0.00186408
113697,0.00402076
113689,0.000750414
113661,0.00138552
113658,0.00229201
113655,0.00228577
113647,0.00835263
113639,0.00264058
113630,0.00335227
113618,0.001889
113616,0.00227277
113595,0.00126613
113582,0.00238454
113581,0.0020856
113580,0.00384872
113572,0.00487116
113571,0.00501157
113559,0.000613331
113539,0.00563307
113532,0.00241532
113523,0.00515765
113519,0.00161686
113518,0.00363689
113515,0.00368576
113502,0.00240349
113499,0.00397492
113498,0.00192395
113496,0.00395936
113494,0.00417727
113483,0.00180166
113470,0.00168749
113465,0.00174858
113455,0.00451287
113453,0.00268849
113450,0.00261564
113445,0.00289988
113438,0.000227436
113437,0.00110527
113435,0.00374797
113433,0.00181851
113429,0.00193306
113401,0.00199421
113384,0.00363867
113382,0.00203811
113376,0.00165978
113351,0.00107247
113350,0.00157959
113349,0.00216466
113348,0.00484384
113347,0.00336468
113334,0.00194098
113332,0.00256891
113322,0.00266327
113315,0.0032926
113312,0.00310893
113308,0.00205049
113304,0.00461187
113303,0.00352633
113302,0.000723374
113287,0.00362787
113280,0.00318693
113278,0.00512772
113275,0.00142638
113269,0.00171747
113264,0.00384329
113263,0.00115756
113261,0.00498781
113254,0.00210683
113251,0.00148879
113250,0.00164674
113243,0.00263832
113232,0.00404745
113231,0.00170723
113226,0.00183109
113223,0.00102691
113207,0.0028823
113199,0.00149464
113194,0.00172719
113193,0.00172336
113188,0.00397885
113187,0.00189167
113176,0.00363504
113165,0.000773264
113139,0.00696558
113136,0.00205863
113120,0.00054016
113118,0.00773014
113112,0.000945331
113099,0.00449562
113080,0.00641538
113077,0.00093888
113074,0.00155854
113068,0.00176075
113062,0.00561692
113057,0.0022055
113043,0.00290242
113039,0.00106127
113032,0.00198368
113024,0.00370067
113020,0.00161483
113018,0.00116886
113017,0.00416837
113004,0.00356015
112993,0.00266037
112992,0.00218503
112985,0.00419999
112980,0.00169172
112965,0.00547788
112949,0.0040842
112947,0.00514657
112933,0.0019777
112925,0.0032845
112920,0.00262527
112909,0.00244825
112902,0.00132411
112892,0.00291592
112873,0.00321385
112838,0.00260877
112830,0.00289894
112828,0.000163242
112826,0.00499779
112816,0.00436413
112811,0.00308437
112802,0.00249434
112782,0.00250228
112768,0.00406311
112735,0.00193526
112723,0.000933451
112657,0.00440891
112600,0.00243044
112587,0.000802743
112581,0.00171297
112580,0.00245111
112569,0.00282154
112568,0.00247705
112560,0.00503204
112549,0.00122476
112457,0.00280599
112449,0.00355175
112446,0.00405148
112441,0.00284154
112429,0.0011445
112420,0.00181809
112419,0.00169543
112405,0.0025672
112401,0.00637524
112392,0.00253494
112378,0.00217869
112376,0.00144956
112365,0.00219632
112355,0.00456876
112347,0.00169971
112329,0.00489055
112323,0.0058267
112305,0.00270593
112297,0.00229654
112293,0.000605199
112291,0.00698437
112288,0.00275518
112286,0.00444253
112270,0.00228654
112242,0.00823486
112237,0.00190547
112232,0.0029688
112225,0.00154999
112224,0.00448064
112221,0.00243096
112205,0.00411004
112201,0.00169317
112193,0.00192215
112189,0.0025351
112188,0.00217753
112184,0.00201685
112153,0.00213094
112144,0.00120018
112126,0.00201681
112109,0.00330291
112106,0.000702279
112091,0.000771917
112090,0.00135485
112088,0.00656612
112072,0.00536954
112055,0.000324105
112054,0.00234813
112038,0.00200927
112037,0.00612001
112024,0.00223714
112007,0.000591774
112006,0.00427
111972,0.00200364
111969,0.000581999
111966,0.00229792
111958,0.00223002
111957,0.00166696
111951,0.00224127
111950,0.00141625
111937,0.00307878
111929,0.00374869
111914,0.000456419
111908,0.00357015
111905,0.00221053
111873,0.0038834
111864,0.000966641
111863,0.00498842
111852,0.000288336
111850,0.00199528
111841,0.0017521
111823,0.00317981
111816,0.00267966
111810,0.00081375
111799,0.00151183
111747,0.00420004
111738,0.00247303
111725,0.000712645
111722,0.00264345
111715,0.00219727
111659,0.00219733
111630,0.00281722
111627,0.00342311
111624,0.00164509
111612,0.00260626
111609,0.00217297
111577,0.00610068
111576,0.00192495
111574,0.00478478
111572,0.00460415
111564,0.00222701
111561,0.0010983
111558,0.00157558
111552,0.00229122
111536,0.00110664
111517,0.00431536
111509,0.00181308
111502,0.000735273
111501,0.00502831
111498,0.00271667
111497,0.00196966
111470,0.000510935
111459,0.0014058
111421,0.00228884
111396,0.00270987
111392,0.00146657
111390,0.00200022
111363,0.00393184
111351,0.001598
111345,0.00460306
111328,0.00278903
111315,0.00184292
111313,0.00407596
111308,0.00281911
111273,0.00214974
111269,0.00243085
111263,0.00406339
111257,0.00104312
111253,0.00199197
111239,0.00363012
111232,0.0177151
111223,0.00528992
111221,0.00161823
111213,0.00267078
111197,0.0014569
111187,0.00281574
111185,0.00120601
111173,0.00328518
111155,0.00411372
111154,0.00306
111140,0.00258005
111125,0.00167803
111103,0.00314557
111097,0.00236485
111081,0.00326061
111058,0.0065634
111052,0.0021995
111033,0.00384928
111019,0.00135042
110996,0.00175799
110991,0.00165513
110982,0.00313088
110959,0.00240754
110936,0.00168433
110935,0.00292442
110929,0.00136699
110925,0.0026808
110913,0.00298393
110869,0.00482749
110865,0.00358287
110854,0.00425967
110849,0.000732138
110848,0.0020492
110698,0.00226821
110696,0.00174813
110679,0.00233446
110672,0.00177983
110664,0.00416987
110632,0.00257031
110629,0.00232643
110613,0.00156982
110609,0.00223226
110605,0.00231722
110566,0.00498612
110561,0.00137162
110560,0.00653203
110543,0.00176019
110529,0.00119304
110523,0.000627816
110522,0.00239724
110518,0.00520266
110507,0.003553
110475,0.00483614
110456,0.00160561
110446,0.00418795
110442,0.00230712
110430,0.00304329
110429,0.00241302
110428,0.00261129
110423,0.0030406
110414,0.00100089
110402,0.00450189
110401,0.00119947
110384,0.0026151
110381,0.0028262
110379,0.00311551
110376,0.00563004
110369,0.00442095
110367,0.00293403
110365,0.00365204
110361,0.00127456
110356,0.00125479
110355,0.00337916
110337,0.00445497
110335,0.00688193
110331,0.00208767
110327,0.0028194
110322,0.00379225
110309,0.00346769
110308,0.0023604
110300,0.004148
110298,0.00586787
110297,0.000313088
110294,0.00240476
110291,0.00138532
110288,0.00181466
110285,0.00368731
110277,0.00481616
110269,0.000938764
110265,0.0026374
110240,0.00455529
110235,0.00162039
110233,0.00170689
110231,0.00563374
110217,0.00115458
110214,0.00227389
110206,0.00282271
110195,0.000271405
110192,0.00765708
110185,0.000705305
110181,0.0026108
110170,0.00156522
110169,0.00128231
110168,0.00168413
110167,0.00247681
110161,0.00204254
110151,0.00158347
110140,0.0113479
110129,0.0015068
110128,0.00394122
110126,0.00220495
110123,0.00192448
110104,0.0121947
110092,0.00750142
110088,0.00125864
110055,0.00401934
110041,0.00540856
110039,0.00244255
110034,0.00280135
110027,0.00337378
110014,0.00289435
109993,0.00195575
109985,0.00228144
109979,0.00171168
109977,0.00121848
109967,0.00328075
109961,0.00370816
109955,0.00358835
109929,0.0011062
109908,0.00312148
109877,0.00130684
109860,0.00193948
109841,0.00292225
109834,0.00369017
109833,0.00519556
109828,0.00789985
109818,0.00220017
109800,0.00297825
109796,0.00701422
109789,0.000490905
109782,0.00404586
109755,0.00390003
109750,0.00376082
109744,0.0031676
109740,0.00264115
109736,0.00194209
109732,0.00214128
109728,0.00268911
109720,0.00235126
109708,0.00140462
109692,0.00314129
109691,0.00585956
109688,0.00162391
109672,0.00187691
109633,0.00457225
109627,0.00443485
109613,0.00396034
109607,0.00224731
109600,0.00119022
109574,0.00184142
109559,0.00224411
109551,0.00185724
109547,0.00238086
109545,0.00173686
109524,0.00264786
109523,0.00469227
109515,0.00175064
109506,0.0013613
109501,0.00195429
109499,0.00133678
109496,0.000860961
109470,0.00262577
109466,0.0185253
109415,0.00394049
109404,0.00143283
109402,0.00842467
109385,0.00438375
109365,0.00166594
109298,0.00501355
109269,0.000444438
109252,0.00321529
109225,0.00303997
109202,0.00187747
109195,0.00221904
109184,0.00202114
109181,0.00230574
109174,0.00284904
109165,0.000314356
109162,0.000838556
109154,0.000627813
109142,0.00140971
109133,0.00267201
109132,0.00312533
109131,0.00239463
109128,0.00265052
109109,0.0016697
109105,0.00159337
109077,0.00167436
109053,0.00122782
109017,0.00138511
108976,0.00350147
108950,0.00288647
108929,0.00321958
108921,0.00186136
108917,0.00321305
108907,0.00394561
108905,0.0036307
108903,0.00118996
108888,0.000719627
108879,0.00182928
108878,0.0034034
108866,0.00110027
108856,0.00400196
108839,0.00157643
108806,0.00237087
108805,0.00416853
108797,0.00311412
108780,0.00450085
108759,0.00315784
108754,0.00344462
108751,0.00122427
108744,0.00287474
108729,0.0026546
108725,0.00242407
108714,0.00348709
108694,0.00260079
108689,0.00192574
108684,0.00338359
108682,0.0025935
108681,0.00208128
108673,0.00168895
108664,0.00197438
108628,0.000559282
108615,0.000787179
108613,0.00193761
108605,0.00305697
108604,0.00260868
108603,0.00163426
108587,0.0024427
108585,0.00164745
108584,0.00258279
108567,8.03049E-07
108563,0.00267961
108558,0.0132768
108556,0.00328213
108531,0.00180845
108528,0.00291755
108522,0.00253496
108519,0.00160038
108517,0.00349988
108505,0.00273802
108502,0.00232973
108498,0.00389813
108497,0.00257177
108488,0.00210297
108473,0.00120137
108472,0.00230984
108468,0.00326204
108465,0.00299693
108463,0.00326546
108438,0.00258059
108424,0.00325071
108420,0.00258675
108404,0.00591453
108403,0.000701543
108370,0.00260947
108362,0.00273601
108360,0.00223294
108348,0.00263094
108306,0.0019925
108290,0.00380292
108279,0.00283075
108278,0.00230448
108277,0.00458267
108251,0.00139484
108244,0.00240686
108242,0.00152699
108231,0.00179162
108215,0.00203688
108206,0.00207331
108205,0.00298798
108192,0.00272328
108187,0.0010683
108185,0.0033531
108181,0.00145928
108159,0.00196832
108152,0.00414184
108150,0.00234161
108140,0.00344397
108138,0.00366336
108137,0.00553548
108133,0.00072328
108125,0.0035204
108109,0.00196839
108098,0.0035416
108090,0.00253154
108088,0.00202425
108081,0.00361381
108070,0.00104986
108037,0.00203031
108016,0.00141221
108010,0.000734392
107998,0.00221735
107996,0.00347731
107989,0.0017161
107988,0.000226879
107986,0.00464306
107980,0.00124943
107977,0.0018606
107976,0.002719
107975,0.00130067
107973,0.00524125
107968,0.00274777
107965,0.0038951
107958,0.0014282
107956,0.00185225
107955,0.00505138
107952,0.00176933
107933,0.00209024
107923,0.00314029
107920,0.00320232
107915,0.00648668
107909,0.00501842
107901,0.00135295
107897,0.00375897
107876,0.00476176
107872,0.00198528
107867,0.00427993
107812,0.00478038
107811,0.00191907
107801,0.00191591
107746,0.000914106
107738,0.00163871
107737,0.00450541
107733,0.00216448
107728,0.00188241
107723,0.00242798
107720,0.00233097
107719,0.00187487
107714,0.00143191
107710,0.00216316
107701,0.00151996
107700,0.00161112
107699,0.0109307
107698,0.00312236
107691,0.00432687
107687,0.00254851
107684,0.00171042
107665,0.00361131
107663,0.00329437
107655,0.00160556
107626,0.00463201
107625,0.00345327
107623,0.00181416
107617,0.00361256
107567,0.00283587
107565,0.00290158
107554,0.00246673
107552,0.00228251
107541,0.00250305
107536,0.0018334
107534,0.0023035
107530,0.00568716
107527,0.00290441
107526,0.00192364
107521,0.00270866
107510,0.000676561
107498,0.00207308
107472,0.00265115
107466,0.00413732
107456,0.00686524
107452,0.000988377
107449,0.00550322
107426,0.00230776
107421,0.0019094
107418,0.00470048
107410,0.00392355
107400,0.0107005
107398,0.000560126
107395,0.00205344
107372,0.00356691
107367,0.00132015
107364,0.00160761
107342,0.00229201
107340,0.00021926
107336,0.00718271
107332,0.00237877
107309,0.00291486
107299,0.00162571
107293,0.00352594
107290,0.00109312
107276,0.0018315
107266,0.00323132
107254,0.00189987
107240,0.00178819
107236,0.00407729
107228,0.00278607
107227,0.00237871
107222,0.00248868
107216,0.00501073
107215,0.00174133
107211,0.00207682
107210,0.00230303
107209,0.00144146
107206,0.00288295
107202,0.00147859
107200,0.00289332
107195,0.00691525
107184,0.00362123
107183,0.00253613
107156,0.00233082
107140,0.00341314
107128,0.00421775
107118,0.00329481
107106,0.00161046
107101,0.00271468
107089,0.00303177
107082,0.00165947
107077,0.00273728
107074,0.00101106
107072,0.00310927
107070,0.000854499
107061,0.00311502
107056,0.00195507
107045,0.00402591
107033,0.00272389
107031,0.00288389
106994,0.00446202
106990,0.00617079
106959,0.00251048
106956,0.00120568
106955,0.00310648
106953,0.00205255
106948,0.00358925
106947,0.00291255
106943,0.000885639
106934,0.00369215
106927,0.00242558
106918,0.00197806
106917,0.00341019
106914,0.00174792
106913,0.00180386
106908,0.00232812
106906,0.00131969
106904,0.00183187
106903,0.00143268
106895,0.00375672
106892,0.00321471
106885,0.00503226
106881,0.0039679
106853,0.00445175
106851,0.00343484
106847,0.00251894
106843,0.00243536
106841,0.00168288
106839,0.00260187
106836,0.00296342
106835,0.00321599
106834,0.0016047
106833,0.00208595
106831,0.00212985
106827,0.00249466
106817,0.00398773
106815,0.00370334
106813,0.00176867
106807,0.00125744
106802,0.00227871
106798,0.00329163
106790,0.0014206
106737,0.00333489
106735,0.00171335
106731,0.0021847
106725,0.0013925
106721,0.00275009
106720,0.00177432
106714,0.00385829
106712,0.00223411
106707,0.00277043
106699,0.00375764
106698,0.00330262
106695,0.0060126
106658,0.00564879
106653,0.00149132
106623,0.001779
106619,0.0015501
106612,0.00696133
106593,0.00197328
106587,0.00667796
106572,0.0017802
106564,0.00257351
106553,0.00238785
106534,0.00466576
106530,0.00244127
106527,0.00222073
106526,0.00144442
106518,0.00267283
106505,0.00133488
106503,0.00288973
106497,0.000911904
106447,0.00237862
106433,0.00329116
106412,0.00178519
106411,0.00223973
106410,0.001938
106402,0.000832029
106391,0.0028817
106387,0.00594574
106381,0.00149907
106377,0.00104151
106369,0.00160876
106362,0.00164025
106346,0.00423082
106343,0.00825004
106335,0.00148042
106321,0.000398017
106314,0.00289949
106294,0.00164171
106275,0.00243327
106274,0.00531453
106264,0.00254889
106246,0.0109873
106238,0.00326989
106199,0.000714052
106174,0.00206279
106172,0.00146309
106165,0.00619429
106147,0.00148219
106146,0.00342809
106135,0.00216492
106133,0.00226354
106129,0.000407964
106128,0.00290843
106118,0.00371941
106111,0.00220666
106108,0.00348729
106100,0.00241638
106099,0.00270717
106056,0.00207065
106046,0.00341304
106043,0.000905021
106035,0.0038089
106032,0.00152505
106029,0.00337074
106016,0.00332984
106014,0.00207825
106013,0.00115018
106004,0.00427608
106003,0.00487032
106002,0.0017175
105995,0.00210304
105991,0.00196785
105988,0.00266476
105978,0.00473942
105976,0.0112705
105974,0.00195296
105964,0.00308442
105957,0.000594134
105955,0.00290133
105945,0.00377068
105940,0.00237903
105929,0.00232874
105928,0.00186001
105907,0.00163113
105902,0.00353047
105877,0.00538388
105862,0.00194616
105855,0.0126914
105840,0.00313776
105820,0.00164919
105801,0.0063018
105791,0.00127644
105787,0.00225364
105778,0.00498934
105775,0.00165106
105771,0.00243303
105759,0.00528436
105758,0.00160935
105755,0.00325587
105690,0.00174653
105689,0.00988307
105680,0.00251254
105668,0.00247416
105659,0.0114756
105658,0.00249336
105642,0.00201978
105640,0.00411401
105637,0.0022458
105635,0.00484564
105621,0.00230043
105611,0.00418909
105608,0.00400247
105607,0.00240331
105594,0.00174988
105593,0.00259806
105588,0.00189644
105577,0.00129939
105568,0.00109147
105565,0.0045141
105558,0.00138587
105554,0.0044764
105545,0.00392724
105524,0.00230196
105507,0.0011279
105495,0.00179285
105493,0.00211052
105492,0.00159105
105488,0.00394845
105487,0.0022574
105482,0.00223219
105469,0.00434475
105452,0.00189203
105451,0.00331418
105450,0.00158698
105447,0.00251819
105444,0.00183293
105436,0.000666693
105429,0.000532039
105426,0.00141273
105417,0.00165383
105416,0.00561277
105390,0.00734721
105377,0.00398257
105374,0.00441633
105367,0.00168631
105364,0.00224887
105363,0.00157383
105335,0.00208888
105326,0.00396573
105322,0.00172566
105319,0.000831777
105311,0.00252048
105308,0.00304191
105295,0.00285003
105283,0.00228437
105269,0.00208938
105259,0.00985114
105251,0.0027102
105238,0.00271719
105235,0.00036047
105206,0.00368269
105195,0.00247481
105188,0.00129472
105171,0.00331431
105151,0.00375479
105148,0.00258846
105147,0.00289875
105146,0.00385644
105142,0.00312431
105122,0.00188889
105110,0.00286328
105099,0.00315604
105096,0.00199808
105079,0.00565012
105071,0.0043152
105066,0.00230622
105055,0.000747396
105052,0.00172144
105048,0.00370901
105046,0.00285028
105043,0.00406916
105042,0.00321651
105033,0.00153702
105030,0.00308239
105027,0.00291649
105024,0.00887931
105012,0.00253681
105008,0.00202562
105006,0.00500966
104996,0.000742701
104991,0.00317791
104988,0.00215572
104973,0.00282552
104935,0.00310717
104930,0.00303796
104909,0.00284867
104906,0.00621921
104905,0.00218556
104903,0.0031173
104881,0.0019446
104880,0.00309522
104874,0.00486104
104870,0.00312354
104862,0.00191906
104850,0.00507047
104829,0.00181165
104827,0.00223038
104798,0.00364234
104794,0.00404067
104790,0.00169594
104785,0.0108372
104784,0.00260209
104763,0.003373
104762,0.00111819
104761,0.00136451
104760,0.00267323
104741,0.00211346
104736,0.00345798
104726,0.00352935
104706,0.00345302
104702,0.00139961
104698,0.00296592
104697,0.00211414
104693,0.00200817
104678,0.00482508
104669,0.00111256
104661,0.00252128
104657,0.00172295
104653,0.00363907
104651,0.000739651
104616,0.0019982
104607,0.0022076
104601,0.00139195
104594,0.00207372
104553,0.00207053
104552,0.00371833
104542,0.00616769
104536,0.00516982
104532,0.00494167
104528,0.00257331
104522,0.00330365
104517,0.00174829
104512,0.00271226
104504,0.00208037
104503,0.00292893
104493,0.00541014
104492,0.00255268
104483,0.00326094
104466,0.00169378
104445,0.00233833
104443,0.00308552
104440,0.0042486
104432,0.00395
104412,0.00296186
104408,0.00959007
104404,0.0026393
104398,0.001978
104395,0.00195668
104393,0.00261368
104391,0.00223563
104368,0.0013212
104366,0.0021775
104364,0.00203765
104350,0.00127803
104343,0.00184753
104340,0.00324409
104337,0.00176358
104332,0.0018812
104330,0.00146559
104329,0.00246607
104326,0.00445893
104314,0.00262315
104307,0.000932601
104306,0.00186946
104305,0.00140645
104304,0.00211126
104298,0.00274292
104297,0.00297182
104295,0.00183706
104293,0.00318298
104291,0.00139819
104280,0.00384752
104276,0.00178057
104275,0.00604779
104271,0.00237734
104253,0.00219106
104229,0.00275344
104222,0.00546476
104215,0.00311504
104209,0.00558432
104195,0.000969518
104169,0.00179036
104159,0.00141959
104147,0.00426367
104143,0.00221775
104140,0.0046655
104138,0.00180268
104125,0.0091565
104112,0.00231055
104109,0.00758492
104099,0.00545921
104094,0.00387951
104093,0.00305148
104085,0.00152839
104081,0.00241933
104080,0.00121157
104076,0.00353663
104063,0.00058152
104060,0.00300899
104055,0.00139456
104052,0.00133017
104050,0.00191631
104048,0.00316574
104033,0.00304697
104030,0.00188483
104028,0.00297162
104026,0.00187548
104025,0.00308563
104004,0.0022322
104001,0.00321178
104000,0.00243828
103993,0.0041663
103986,0.00620179
103985,0.00116551
103982,0.00511128
103975,0.00193881
103974,0.00426958
103971,0.00207635
103969,0.00779081
103963,0.0015262
103962,0.00393531
103950,0.00249277
103941,0.00226465
103934,0.00127369
103916,0.0014722
103890,0.00337749
103887,0.00190526
103886,0.00728724
103883,0.00481983
103877,0.00351503
103869,0.00306213
103865,0.00181442
103845,0.00425899
103837,0.00549404
103833,0.00239733
103832,0.00424082
103831,0.00337845
103826,0.00182254
103819,0.00231426
103812,0.00183983
103811,0.00280859
103809,0.00360774
103788,0.00346673
103773,0.00112934
103760,0.00183486
103755,0.00132064
103741,0.00228105
103727,0.00294674
103726,0.00213462
103725,0.0030638
103724,0.00379302
103713,0.00244448
103712,0.00204942
103683,0.00247369
103680,0.00163143
103677,0.00453689
103672,0.00178189
103669,0.00196187
103666,0.0014892
103664,0.00297849
103657,0.00319906
103653,0.00186857
103626,0.00262546
103623,0.0022704
103621,0.00343208
103617,0.00186407
103610,0.00183769
103606,0.0038088
103598,0.00346259
103597,0.00200393
103586,0.00212124
103583,0.00350882
103580,0.00127452
103576,0.00208282
103571,0.00177354
103568,0.00323159
103554,0.00446879
103552,0.00793859
103548,0.00444543
103544,0.00275527
103534,0.00196188
103530,0.00436007
103529,0.00429985
103521,0.00263859
103506,0.00131886
103500,0.00188231
103490,0.00175476
103487,0.00316761
103475,0.00245987
103474,0.00209823
103473,0.00238612
103469,0.00131186
103440,0.00193324
103435,0.00341883
103423,0.00252639
103404,0.000935758
103381,0.00218405
103374,0.00183076
103331,0.000840747
103323,0.00368742
103319,0.00353047
103310,0.00148224
103308,0.00231203
103305,0.00477258
103278,0.00148102
103276,0.0019669
103273,0.00176207
103272,0.00288941
103270,0.00160956
103267,0.00210282
103265,0.00401669
103249,0.00212614
103246,0.00202002
103238,0.00263119
103237,0.00477338
103225,0.00271597
103223,0.00360085
103219,0.00364482
103215,0.0038703
103203,0.00800757
103189,0.00216628
103180,0.00462503
103173,0.00078017
103168,0.00199195
103166,0.00214611
103160,0.00220385
103146,0.00185914
103125,0.00148626
103122,0.00150029
103120,0.00175483
103103,0.00220852
103100,0.00621231
103097,0.00442319
103095,0.000808735
103092,0.000997305
103088,0.003405
103082,0.00164362
103076,0.00340303
103072,0.00238252
103012,0.00494729
102991,0.00336389
102968,0.00286934
102967,0.00282647
102957,0.00379399
102946,0.00317548
102943,0.0013179
102940,0.00159188
102938,0.00142636
102923,0.00147335
102917,0.00105817
102914,0.00213216
102902,0.00139237
102872,0.00125419
102860,0.0031859
102854,0.00365657
102838,0.00173274
102830,0.00162212
102810,0.00296547
102799,0.00736327
102795,0.00379935
102777,0.00200948
102728,0.00153859
102719,0.00225769
102683,0.00259053
102624,0.00330164
102611,0.000995546
102570,0.00361895
102549,0.00198647
102545,0.00339187
102523,0.00418635
102522,0.00831383
102521,0.00119866
102513,0.000646639
102505,0.0039431
102472,0.000377144
102464,0.00206702
102431,0.00174638
102406,0.00225272
102405,0.00307892
102404,0.00246214
102403,0.00222809
102371,0.00213395
102365,0.00516775
102333,0.00176363
102310,0.0033889
102305,0.00283132
102293,0.00246241
102292,0.00123456
102265,0.00167456
102262,0.00237898
102260,0.00119406
102250,0.0068245
102238,0.00235311
102217,0.00272707
102194,0.00693976
102175,0.00339395
102165,0.00140062
102161,0.0030182
102153,0.00580101
102140,0.00306648
102134,0.00247197
102127,0.00266552
102119,0.00557223
102108,0.000778541
102104,0.00492408
102102,0.00161695
102089,0.00423499
102070,0.0021081
102053,0.0018066
102043,0.000900163
102032,0.012462
102023,0.00382447
101983,0.00316146
101951,0.00171628
101950,0.00216983
101945,0.00190874
101936,0.00834718
101911,0.00392187
101909,0.00214638
101865,0.0031809
101852,0.00449812
101847,0.00286031
101846,0.000411647
101836,0.00219475
101829,0.00115822
101825,0.00250076
101824,0.00298438
101823,0.00290669
101821,0.00217829
101815,0.00301416
101803,0.00346412
101800,0.00100224
101761,0.000175832
101757,0.00394487
101734,0.00305356
101731,0.0130174
101715,0.00320804
101711,0.00236366
101704,0.00375674
101696,0.00415324
101689,0.00394638
101686,0.00240303
101652,0.00319322
101632,0.00262401
101616,0.00351822
101598,0.00199751
101597,0.00319768
101593,0.00371342
101589,0.00171088
101574,0.00532043
101571,0.00164628
101549,0.00211212
101539,0.00388784
101536,0.00387413
101535,0.00486817
101520,0.00241587
101509,0.00556533
101501,0.00264582
101500,0.00586601
101497,0.00254413
101482,0.00196666
101476,0.00218791
101474,0.00398888
101471,0.00484554
101470,0.00050864
101459,0.00106136
101450,0.00136253
101446,0.00321886
101432,0.00169792
101431,0.00791464
101421,0.00100617
101420,0.00329219
101414,0.00254152
101411,0.00247601
101407,0.00260679
101406,0.00330456
101371,0.0012825
101340,0.00366223
101312,0.00256063
101308,0.00133535
101302,0.00123769
101274,0.00259775
101270,0.00276148
101258,0.00143962
101225,0.00374362
101224,0.00067758
101214,0.00199921
101213,0.00371958
101209,0.00214439
101204,0.00103351
101190,0.00309808
101181,0.00496331
101120,0.00139843
101116,0.00207743
101112,0.00223782
101104,0.00319454
101086,0.00029826
101085,0.00296442
101054,0.00228176
101020,0.00184565
101008,0.00294111
100967,0.00257078
100961,0.00354909
100956,0.00276919
100954,0.00346067
100949,0.00299146
100926,0.00187402
100894,0.00485711
100892,0.00366126
100891,0.00267905
100852,0.00130676
100851,0.00217283
100833,0.00303341
100831,0.00262212
100801,0.00497317
100788,0.00255869
100776,0.00555111
100775,0.00679963
100773,0.00122529
100741,0.000643946
100726,0.0053589
100705,0.00173895
100698,0.00238955
100666,0.00180991
100647,0.00560886
100645,0.00195844
100607,0.0022436
100605,0.00275865
100604,0.00309868
100601,0.00363631
100593,0.00253434
100588,0.00184575
100573,0.00355543
100561,0.00310088
100555,0.00179121
100542,0.000728414
100537,0.0028485
100536,0.0014604
100514,0.00325125
100513,0.00572219
100508,0.00631681
100505,0.00683753
100501,0.00591462
100499,0.00239899
100497,0.00309317
100489,0.00237425
100488,0.00333318
100486,0.00402561
100465,0.00345181
100453,0.00397321
100435,0.00426073
100428,0.0026768
100422,0.00445419
100419,0.00146662
100402,0.00256992
100394,0.00304565
100387,0.00179296
100383,0.00221437
100373,0.00189664
100370,0.00399617
100350,0.00213302
100347,0.00547155
100341,0.00575192
100337,0.00299888
100328,0.00422504
100326,0.000888706
100323,0.00320133
100309,0.0024852
100292,0.00243151
100289,0.0014394
100288,0.00187096
100275,0.00124606
100274,0.00190414
100268,0.00291821
100266,0.00287721
100263,0.00261651
100258,0.00303235
100255,0.00688537
100245,0.00411788
100244,0.0036405
100241,0.00299719
100238,0.00233014
100218,0.0019651
100216,0.00239352
100210,0.00526088
100206,0.00212393
100205,0.00449738
100200,0.00276427
100195,0.00451446
100191,0.00293394
100185,0.00483228
100177,0.00332667
100176,0.0138666
100175,0.00464435
100170,0.00608886
100157,0.00435065
100153,0.00314165
100140,0.00100648
100139,0.000648983
100136,0.00209714
100135,0.00155361
100131,0.00641003
100126,0.00201704
100120,0.00133621
100118,0.00227349
100087,0.00248905
100084,0.000869497
100081,0.00491297
100079,0.00319493
100050,0.00183972
100049,0.00265925
100040,0.00233807
100039,0.00321197
100029,0.00394398
100026,0.00356791
100020,0.00333336
100019,0.00212286
