HHID,CarbonEM
100019,0.00212286
100020,0.00333336
100026,0.00356791
100029,0.00394398
100039,0.00321197
100040,0.00233807
100049,0.00265925
100050,0.00183972
100079,0.00319493
100081,0.00491297
100084,0.000869497
100087,0.00248905
100118,0.00227349
100120,0.00133621
100126,0.00201704
100131,0.00641003
100135,0.00155361
100136,0.00209714
100139,0.000648983
100140,0.00100648
100153,0.00314165
100157,0.00435065
100170,0.00608886
100175,0.00464435
100176,0.0138666
100177,0.00332667
100185,0.00483228
100191,0.00293394
100195,0.00451446
100200,0.00276427
100205,0.00449738
100206,0.00212393
100210,0.00526088
100216,0.00239352
100218,0.0019651
100238,0.00233014
100241,0.00299719
100244,0.0036405
100245,0.00411788
100255,0.00688537
100258,0.00303235
100263,0.00261651
100266,0.00287721
100268,0.00291821
100274,0.00190414
100275,0.00124606
100288,0.00187096
100289,0.0014394
100292,0.00243151
100309,0.0024852
100323,0.00320133
100326,0.000888706
100328,0.00422504
100337,0.00299888
100341,0.00575192
100347,0.00547155
100350,0.00213302
100370,0.00399617
100373,0.00189664
100383,0.00221437
100387,0.00179296
100394,0.00304565
100402,0.00256992
100419,0.00146662
100422,0.00445419
100428,0.0026768
100435,0.00426073
100453,0.00397321
100465,0.00345181
100486,0.00402561
100488,0.00333318
100489,0.00237425
100497,0.00309317
100499,0.00239899
100501,0.00591462
100505,0.00683753
100508,0.00631681
100513,0.00572219
100514,0.00325125
100536,0.0014604
100537,0.0028485
100542,0.000728414
100555,0.00179121
100561,0.00310088
100573,0.00355543
100588,0.00184575
100593,0.00253434
100601,0.00363631
100604,0.00309868
100605,0.00275865
100607,0.0022436
100645,0.00195844
100647,0.00560886
100666,0.00180991
100698,0.00238955
100705,0.00173895
100726,0.0053589
100741,0.000643946
100773,0.00122529
100775,0.00679963
100776,0.00555111
100788,0.00255869
100801,0.00497317
100831,0.00262212
100833,0.00303341
100851,0.00217283
100852,0.00130676
100891,0.00267905
100892,0.00366126
100894,0.00485711
100926,0.00187402
100949,0.00299146
100954,0.00346067
100956,0.00276919
100961,0.00354909
100967,0.00257078
101008,0.00294111
101020,0.00184565
101054,0.00228176
101085,0.00296442
101086,0.00029826
101104,0.00319454
101112,0.00223782
101116,0.00207743
101120,0.00139843
101181,0.00496331
101190,0.00309808
101204,0.00103351
101209,0.00214439
101213,0.00371958
101214,0.00199921
101224,0.00067758
101225,0.00374362
101258,0.00143962
101270,0.00276148
101274,0.00259775
101302,0.00123769
101308,0.00133535
101312,0.00256063
101340,0.00366223
101371,0.0012825
101406,0.00330456
101407,0.00260679
101411,0.00247601
101414,0.00254152
101420,0.00329219
101421,0.00100617
101431,0.00791464
101432,0.00169792
101446,0.00321886
101450,0.00136253
101459,0.00106136
101470,0.00050864
101471,0.00484554
101474,0.00398888
101476,0.00218791
101482,0.00196666
101497,0.00254413
101500,0.00586601
101501,0.00264582
101509,0.00556533
101520,0.00241587
101535,0.00486817
101536,0.00387413
101539,0.00388784
101549,0.00211212
101571,0.00164628
101574,0.00532043
101589,0.00171088
101593,0.00371342
101597,0.00319768
101598,0.00199751
101616,0.00351822
101632,0.00262401
101652,0.00319322
101686,0.00240303
101689,0.00394638
101696,0.00415324
101704,0.00375674
101711,0.00236366
101715,0.00320804
101731,0.0130174
101734,0.00305356
101757,0.00394487
101761,0.000175832
101800,0.00100224
101803,0.00346412
101815,0.00301416
101821,0.00217829
101823,0.00290669
101824,0.00298438
101825,0.00250076
101829,0.00115822
101836,0.00219475
101846,0.000411647
101847,0.00286031
101852,0.00449812
101865,0.0031809
101909,0.00214638
101911,0.00392187
101936,0.00834718
101945,0.00190874
101950,0.00216983
101951,0.00171628
101983,0.00316146
102023,0.00382447
102032,0.012462
102043,0.000900163
102053,0.0018066
102070,0.0021081
102089,0.00423499
102102,0.00161695
102104,0.00492408
102108,0.000778541
102119,0.00557223
102127,0.00266552
102134,0.00247197
102140,0.00306648
102153,0.00580101
102161,0.0030182
102165,0.00140062
102175,0.00339395
102194,0.00693976
102217,0.00272707
102238,0.00235311
102250,0.0068245
102260,0.00119406
102262,0.00237898
102265,0.00167456
102292,0.00123456
102293,0.00246241
102305,0.00283132
102310,0.0033889
102333,0.00176363
102365,0.00516775
102371,0.00213395
102403,0.00222809
102404,0.00246214
102405,0.00307892
102406,0.00225272
102431,0.00174638
102464,0.00206702
102472,0.000377144
102505,0.0039431
102513,0.000646639
102521,0.00119866
102522,0.00831383
102523,0.00418635
102545,0.00339187
102549,0.00198647
102570,0.00361895
102611,0.000995546
102624,0.00330164
102683,0.00259053
102719,0.00225769
102728,0.00153859
102777,0.00200948
102795,0.00379935
102799,0.00736327
102810,0.00296547
102830,0.00162212
102838,0.00173274
102854,0.00365657
102860,0.0031859
102872,0.00125419
102902,0.00139237
102914,0.00213216
102917,0.00105817
102923,0.00147335
102938,0.00142636
102940,0.00159188
102943,0.0013179
102946,0.00317548
102957,0.00379399
102967,0.00282647
102968,0.00286934
102991,0.00336389
103012,0.00494729
103072,0.00238252
103076,0.00340303
103082,0.00164362
103088,0.003405
103092,0.000997305
103095,0.000808735
103097,0.00442319
103100,0.00621231
103103,0.00220852
103120,0.00175483
103122,0.00150029
103125,0.00148626
103146,0.00185914
103160,0.00220385
103166,0.00214611
103168,0.00199195
103173,0.00078017
103180,0.00462503
103189,0.00216628
103203,0.00800757
103215,0.0038703
103219,0.00364482
103223,0.00360085
103225,0.00271597
103237,0.00477338
103238,0.00263119
103246,0.00202002
103249,0.00212614
103265,0.00401669
103267,0.00210282
103270,0.00160956
103272,0.00288941
103273,0.00176207
103276,0.0019669
103278,0.00148102
103305,0.00477258
103308,0.00231203
103310,0.00148224
103319,0.00353047
103323,0.00368742
103331,0.000840747
103374,0.00183076
103381,0.00218405
103404,0.000935758
103423,0.00252639
103435,0.00341883
103440,0.00193324
103469,0.00131186
103473,0.00238612
103474,0.00209823
103475,0.00245987
103487,0.00316761
103490,0.00175476
103500,0.00188231
103506,0.00131886
103521,0.00263859
103529,0.00429985
103530,0.00436007
103534,0.00196188
103544,0.00275527
103548,0.00444543
103552,0.00793859
103554,0.00446879
103568,0.00323159
103571,0.00177354
103576,0.00208282
103580,0.00127452
103583,0.00350882
103586,0.00212124
103597,0.00200393
103598,0.00346259
103606,0.0038088
103610,0.00183769
103617,0.00186407
103621,0.00343208
103623,0.0022704
103626,0.00262546
103653,0.00186857
103657,0.00319906
103664,0.00297849
103666,0.0014892
103669,0.00196187
103672,0.00178189
103677,0.00453689
103680,0.00163143
103683,0.00247369
103712,0.00204942
103713,0.00244448
103724,0.00379302
103725,0.0030638
103726,0.00213462
103727,0.00294674
103741,0.00228105
103755,0.00132064
103760,0.00183486
103773,0.00112934
103788,0.00346673
103809,0.00360774
103811,0.00280859
103812,0.00183983
103819,0.00231426
103826,0.00182254
103831,0.00337845
103832,0.00424082
103833,0.00239733
103837,0.00549404
103845,0.00425899
103865,0.00181442
103869,0.00306213
103877,0.00351503
103883,0.00481983
103886,0.00728724
103887,0.00190526
103890,0.00337749
103916,0.0014722
103934,0.00127369
103941,0.00226465
103950,0.00249277
103962,0.00393531
103963,0.0015262
103969,0.00779081
103971,0.00207635
103974,0.00426958
103975,0.00193881
103982,0.00511128
103985,0.00116551
103986,0.00620179
103993,0.0041663
104000,0.00243828
104001,0.00321178
104004,0.0022322
104025,0.00308563
104026,0.00187548
104028,0.00297162
104030,0.00188483
104033,0.00304697
104048,0.00316574
104050,0.00191631
104052,0.00133017
104055,0.00139456
104060,0.00300899
104063,0.00058152
104076,0.00353663
104080,0.00121157
104081,0.00241933
104085,0.00152839
104093,0.00305148
104094,0.00387951
104099,0.00545921
104109,0.00758492
104112,0.00231055
104125,0.0091565
104138,0.00180268
104140,0.0046655
104143,0.00221775
104147,0.00426367
104159,0.00141959
104169,0.00179036
104195,0.000969518
104209,0.00558432
104215,0.00311504
104222,0.00546476
104229,0.00275344
104253,0.00219106
104271,0.00237734
104275,0.00604779
104276,0.00178057
104280,0.00384752
104291,0.00139819
104293,0.00318298
104295,0.00183706
104297,0.00297182
104298,0.00274292
104304,0.00211126
104305,0.00140645
104306,0.00186946
104307,0.000932601
104314,0.00262315
104326,0.00445893
104329,0.00246607
104330,0.00146559
104332,0.0018812
104337,0.00176358
104340,0.00324409
104343,0.00184753
104350,0.00127803
104364,0.00203765
104366,0.0021775
104368,0.0013212
104391,0.00223563
104393,0.00261368
104395,0.00195668
104398,0.001978
104404,0.0026393
104408,0.00959007
104412,0.00296186
104432,0.00395
104440,0.0042486
104443,0.00308552
104445,0.00233833
104466,0.00169378
104483,0.00326094
104492,0.00255268
104493,0.00541014
104503,0.00292893
104504,0.00208037
104512,0.00271226
104517,0.00174829
104522,0.00330365
104528,0.00257331
104532,0.00494167
104536,0.00516982
104542,0.00616769
104552,0.00371833
104553,0.00207053
104594,0.00207372
104601,0.00139195
104607,0.0022076
104616,0.0019982
104651,0.000739651
104653,0.00363907
104657,0.00172295
104661,0.00252128
104669,0.00111256
104678,0.00482508
104693,0.00200817
104697,0.00211414
104698,0.00296592
104702,0.00139961
104706,0.00345302
104726,0.00352935
104736,0.00345798
104741,0.00211346
104760,0.00267323
104761,0.00136451
104762,0.00111819
104763,0.003373
104784,0.00260209
104785,0.0108372
104790,0.00169594
104794,0.00404067
104798,0.00364234
104827,0.00223038
104829,0.00181165
104850,0.00507047
104862,0.00191906
104870,0.00312354
104874,0.00486104
104880,0.00309522
104881,0.0019446
104903,0.0031173
104905,0.00218556
104906,0.00621921
104909,0.00284867
104930,0.00303796
104935,0.00310717
104973,0.00282552
104988,0.00215572
104991,0.00317791
104996,0.000742701
105006,0.00500966
105008,0.00202562
105012,0.00253681
105024,0.00887931
105027,0.00291649
105030,0.00308239
105033,0.00153702
105042,0.00321651
105043,0.00406916
105046,0.00285028
105048,0.00370901
105052,0.00172144
105055,0.000747396
105066,0.00230622
105071,0.0043152
105079,0.00565012
105096,0.00199808
105099,0.00315604
105110,0.00286328
105122,0.00188889
105142,0.00312431
105146,0.00385644
105147,0.00289875
105148,0.00258846
105151,0.00375479
105171,0.00331431
105188,0.00129472
105195,0.00247481
105206,0.00368269
105235,0.00036047
105238,0.00271719
105251,0.0027102
105259,0.00985114
105269,0.00208938
105283,0.00228437
105295,0.00285003
105308,0.00304191
105311,0.00252048
105319,0.000831777
105322,0.00172566
105326,0.00396573
105335,0.00208888
105363,0.00157383
105364,0.00224887
105367,0.00168631
105374,0.00441633
105377,0.00398257
105390,0.00734721
105416,0.00561277
105417,0.00165383
105426,0.00141273
105429,0.000532039
105436,0.000666693
105444,0.00183293
105447,0.00251819
105450,0.00158698
105451,0.00331418
105452,0.00189203
105469,0.00434475
105482,0.00223219
105487,0.0022574
105488,0.00394845
105492,0.00159105
105493,0.00211052
105495,0.00179285
105507,0.0011279
105524,0.00230196
105545,0.00392724
105554,0.0044764
105558,0.00138587
105565,0.0045141
105568,0.00109147
105577,0.00129939
105588,0.00189644
105593,0.00259806
105594,0.00174988
105607,0.00240331
105608,0.00400247
105611,0.00418909
105621,0.00230043
105635,0.00484564
105637,0.0022458
105640,0.00411401
105642,0.00201978
105658,0.00249336
105659,0.0114756
105668,0.00247416
105680,0.00251254
105689,0.00988307
105690,0.00174653
105755,0.00325587
105758,0.00160935
105759,0.00528436
105771,0.00243303
105775,0.00165106
105778,0.00498934
105787,0.00225364
105791,0.00127644
105801,0.0063018
105820,0.00164919
105840,0.00313776
105855,0.0126914
105862,0.00194616
105877,0.00538388
105902,0.00353047
105907,0.00163113
105928,0.00186001
105929,0.00232874
105940,0.00237903
105945,0.00377068
105955,0.00290133
105957,0.000594134
105964,0.00308442
105974,0.00195296
105976,0.0112705
105978,0.00473942
105988,0.00266476
105991,0.00196785
105995,0.00210304
106002,0.0017175
106003,0.00487032
106004,0.00427608
106013,0.00115018
106014,0.00207825
106016,0.00332984
106029,0.00337074
106032,0.00152505
106035,0.0038089
106043,0.000905021
106046,0.00341304
106056,0.00207065
106099,0.00270717
106100,0.00241638
106108,0.00348729
106111,0.00220666
106118,0.00371941
106128,0.00290843
106129,0.000407964
106133,0.00226354
106135,0.00216492
106146,0.00342809
106147,0.00148219
106165,0.00619429
106172,0.00146309
106174,0.00206279
106199,0.000714052
106238,0.00326989
106246,0.0109873
106264,0.00254889
106274,0.00531453
106275,0.00243327
106294,0.00164171
106314,0.00289949
106321,0.000398017
106335,0.00148042
106343,0.00825004
106346,0.00423082
106362,0.00164025
106369,0.00160876
106377,0.00104151
106381,0.00149907
106387,0.00594574
106391,0.0028817
106402,0.000832029
106410,0.001938
106411,0.00223973
106412,0.00178519
106433,0.00329116
106447,0.00237862
106497,0.000911904
106503,0.00288973
106505,0.00133488
106518,0.00267283
106526,0.00144442
106527,0.00222073
106530,0.00244127
106534,0.00466576
106553,0.00238785
106564,0.00257351
106572,0.0017802
106587,0.00667796
106593,0.00197328
106612,0.00696133
106619,0.0015501
106623,0.001779
106653,0.00149132
106658,0.00564879
106695,0.0060126
106698,0.00330262
106699,0.00375764
106707,0.00277043
106712,0.00223411
106714,0.00385829
106720,0.00177432
106721,0.00275009
106725,0.0013925
106731,0.0021847
106735,0.00171335
106737,0.00333489
106790,0.0014206
106798,0.00329163
106802,0.00227871
106807,0.00125744
106813,0.00176867
106815,0.00370334
106817,0.00398773
106827,0.00249466
106831,0.00212985
106833,0.00208595
106834,0.0016047
106835,0.00321599
106836,0.00296342
106839,0.00260187
106841,0.00168288
106843,0.00243536
106847,0.00251894
106851,0.00343484
106853,0.00445175
106881,0.0039679
106885,0.00503226
106892,0.00321471
106895,0.00375672
106903,0.00143268
106904,0.00183187
106906,0.00131969
106908,0.00232812
106913,0.00180386
106914,0.00174792
106917,0.00341019
106918,0.00197806
106927,0.00242558
106934,0.00369215
106943,0.000885639
106947,0.00291255
106948,0.00358925
106953,0.00205255
106955,0.00310648
106956,0.00120568
106959,0.00251048
106990,0.00617079
106994,0.00446202
107031,0.00288389
107033,0.00272389
107045,0.00402591
107056,0.00195507
107061,0.00311502
107070,0.000854499
107072,0.00310927
107074,0.00101106
107077,0.00273728
107082,0.00165947
107089,0.00303177
107101,0.00271468
107106,0.00161046
107118,0.00329481
107128,0.00421775
107140,0.00341314
107156,0.00233082
107183,0.00253613
107184,0.00362123
107195,0.00691525
107200,0.00289332
107202,0.00147859
107206,0.00288295
107209,0.00144146
107210,0.00230303
107211,0.00207682
107215,0.00174133
107216,0.00501073
107222,0.00248868
107227,0.00237871
107228,0.00278607
107236,0.00407729
107240,0.00178819
107254,0.00189987
107266,0.00323132
107276,0.0018315
107290,0.00109312
107293,0.00352594
107299,0.00162571
107309,0.00291486
107332,0.00237877
107336,0.00718271
107340,0.00021926
107342,0.00229201
107364,0.00160761
107367,0.00132015
107372,0.00356691
107395,0.00205344
107398,0.000560126
107400,0.0107005
107410,0.00392355
107418,0.00470048
107421,0.0019094
107426,0.00230776
107449,0.00550322
107452,0.000988377
107456,0.00686524
107466,0.00413732
107472,0.00265115
107498,0.00207308
107510,0.000676561
107521,0.00270866
107526,0.00192364
107527,0.00290441
107530,0.00568716
107534,0.0023035
107536,0.0018334
107541,0.00250305
107552,0.00228251
107554,0.00246673
107565,0.00290158
107567,0.00283587
107617,0.00361256
107623,0.00181416
107625,0.00345327
107626,0.00463201
107655,0.00160556
107663,0.00329437
107665,0.00361131
107684,0.00171042
107687,0.00254851
107691,0.00432687
107698,0.00312236
107699,0.0109307
107700,0.00161112
107701,0.00151996
107710,0.00216316
107714,0.00143191
107719,0.00187487
107720,0.00233097
107723,0.00242798
107728,0.00188241
107733,0.00216448
107737,0.00450541
107738,0.00163871
107746,0.000914106
107801,0.00191591
107811,0.00191907
107812,0.00478038
107867,0.00427993
107872,0.00198528
107876,0.00476176
107897,0.00375897
107901,0.00135295
107909,0.00501842
107915,0.00648668
107920,0.00320232
107923,0.00314029
107933,0.00209024
107952,0.00176933
107955,0.00505138
107956,0.00185225
107958,0.0014282
107965,0.0038951
107968,0.00274777
107973,0.00524125
107975,0.00130067
107976,0.002719
107977,0.0018606
107980,0.00124943
107986,0.00464306
107988,0.000226879
107989,0.0017161
107996,0.00347731
107998,0.00221735
108010,0.000734392
108016,0.00141221
108037,0.00203031
108070,0.00104986
108081,0.00361381
108088,0.00202425
108090,0.00253154
108098,0.0035416
108109,0.00196839
108125,0.0035204
108133,0.00072328
108137,0.00553548
108138,0.00366336
108140,0.00344397
108150,0.00234161
108152,0.00414184
108159,0.00196832
108181,0.00145928
108185,0.0033531
108187,0.0010683
108192,0.00272328
108205,0.00298798
108206,0.00207331
108215,0.00203688
108231,0.00179162
108242,0.00152699
108244,0.00240686
108251,0.00139484
108277,0.00458267
108278,0.00230448
108279,0.00283075
108290,0.00380292
108306,0.0019925
108348,0.00263094
108360,0.00223294
108362,0.00273601
108370,0.00260947
108403,0.000701543
108404,0.00591453
108420,0.00258675
108424,0.00325071
108438,0.00258059
108463,0.00326546
108465,0.00299693
108468,0.00326204
108472,0.00230984
108473,0.00120137
108488,0.00210297
108497,0.00257177
108498,0.00389813
108502,0.00232973
108505,0.00273802
108517,0.00349988
108519,0.00160038
108522,0.00253496
108528,0.00291755
108531,0.00180845
108556,0.00328213
108558,0.0132768
108563,0.00267961
108567,8.03E-07
108584,0.00258279
108585,0.00164745
108587,0.0024427
108603,0.00163426
108604,0.00260868
108605,0.00305697
108613,0.00193761
108615,0.000787179
108628,0.000559282
108664,0.00197438
108673,0.00168895
108681,0.00208128
108682,0.0025935
108684,0.00338359
108689,0.00192574
108694,0.00260079
108714,0.00348709
108725,0.00242407
108729,0.0026546
108744,0.00287474
108751,0.00122427
108754,0.00344462
108759,0.00315784
108780,0.00450085
108797,0.00311412
108805,0.00416853
108806,0.00237087
108839,0.00157643
108856,0.00400196
108866,0.00110027
108878,0.0034034
108879,0.00182928
108888,0.000719627
108903,0.00118996
108905,0.0036307
108907,0.00394561
108917,0.00321305
108921,0.00186136
108929,0.00321958
108950,0.00288647
108976,0.00350147
109017,0.00138511
109053,0.00122782
109077,0.00167436
109105,0.00159337
109109,0.0016697
109128,0.00265052
109131,0.00239463
109132,0.00312533
109133,0.00267201
109142,0.00140971
109154,0.000627813
109162,0.000838556
109165,0.000314356
109174,0.00284904
109181,0.00230574
109184,0.00202114
109195,0.00221904
109202,0.00187747
109225,0.00303997
109252,0.00321529
109269,0.000444438
109298,0.00501355
109365,0.00166594
109385,0.00438375
109402,0.00842467
109404,0.00143283
109415,0.00394049
109466,0.0185253
109470,0.00262577
109496,0.000860961
109499,0.00133678
109501,0.00195429
109506,0.0013613
109515,0.00175064
109523,0.00469227
109524,0.00264786
109545,0.00173686
109547,0.00238086
109551,0.00185724
109559,0.00224411
109574,0.00184142
109600,0.00119022
109607,0.00224731
109613,0.00396034
109627,0.00443485
109633,0.00457225
109672,0.00187691
109688,0.00162391
109691,0.00585956
109692,0.00314129
109708,0.00140462
109720,0.00235126
109728,0.00268911
109732,0.00214128
109736,0.00194209
109740,0.00264115
109744,0.0031676
109750,0.00376082
109755,0.00390003
109782,0.00404586
109789,0.000490905
109796,0.00701422
109800,0.00297825
109818,0.00220017
109828,0.00789985
109833,0.00519556
109834,0.00369017
109841,0.00292225
109860,0.00193948
109877,0.00130684
109908,0.00312148
109929,0.0011062
109955,0.00358835
109961,0.00370816
109967,0.00328075
109977,0.00121848
109979,0.00171168
109985,0.00228144
109993,0.00195575
110014,0.00289435
110027,0.00337378
110034,0.00280135
110039,0.00244255
110041,0.00540856
110055,0.00401934
110088,0.00125864
110092,0.00750142
110104,0.0121947
110123,0.00192448
110126,0.00220495
110128,0.00394122
110129,0.0015068
110140,0.0113479
110151,0.00158347
110161,0.00204254
110167,0.00247681
110168,0.00168413
110169,0.00128231
110170,0.00156522
110181,0.0026108
110185,0.000705305
110192,0.00765708
110195,0.000271405
110206,0.00282271
110214,0.00227389
110217,0.00115458
110231,0.00563374
110233,0.00170689
110235,0.00162039
110240,0.00455529
110265,0.0026374
110269,0.000938764
110277,0.00481616
110285,0.00368731
110288,0.00181466
110291,0.00138532
110294,0.00240476
110297,0.000313088
110298,0.00586787
110300,0.004148
110308,0.0023604
110309,0.00346769
110322,0.00379225
110327,0.0028194
110331,0.00208767
110335,0.00688193
110337,0.00445497
110355,0.00337916
110356,0.00125479
110361,0.00127456
110365,0.00365204
110367,0.00293403
110369,0.00442095
110376,0.00563004
110379,0.00311551
110381,0.0028262
110384,0.0026151
110401,0.00119947
110402,0.00450189
110414,0.00100089
110423,0.0030406
110428,0.00261129
110429,0.00241302
110430,0.00304329
110442,0.00230712
110446,0.00418795
110456,0.00160561
110475,0.00483614
110507,0.003553
110518,0.00520266
110522,0.00239724
110523,0.000627816
110529,0.00119304
110543,0.00176019
110560,0.00653203
110561,0.00137162
110566,0.00498612
110605,0.00231722
110609,0.00223226
110613,0.00156982
110629,0.00232643
110632,0.00257031
110664,0.00416987
110672,0.00177983
110679,0.00233446
110696,0.00174813
110698,0.00226821
110848,0.0020492
110849,0.000732138
110854,0.00425967
110865,0.00358287
110869,0.00482749
110913,0.00298393
110925,0.0026808
110929,0.00136699
110935,0.00292442
110936,0.00168433
110959,0.00240754
110982,0.00313088
110991,0.00165513
110996,0.00175799
111019,0.00135042
111033,0.00384928
111052,0.0021995
111058,0.0065634
111081,0.00326061
111097,0.00236485
111103,0.00314557
111125,0.00167803
111140,0.00258005
111154,0.00306
111155,0.00411372
111173,0.00328518
111185,0.00120601
111187,0.00281574
111197,0.0014569
111213,0.00267078
111221,0.00161823
111223,0.00528992
111232,0.0177151
111239,0.00363012
111253,0.00199197
111257,0.00104312
111263,0.00406339
111269,0.00243085
111273,0.00214974
111308,0.00281911
111313,0.00407596
111315,0.00184292
111328,0.00278903
111345,0.00460306
111351,0.001598
111363,0.00393184
111390,0.00200022
111392,0.00146657
111396,0.00270987
111421,0.00228884
111459,0.0014058
111470,0.000510935
111497,0.00196966
111498,0.00271667
111501,0.00502831
111502,0.000735273
111509,0.00181308
111517,0.00431536
111536,0.00110664
111552,0.00229122
111558,0.00157558
111561,0.0010983
111564,0.00222701
111572,0.00460415
111574,0.00478478
111576,0.00192495
111577,0.00610068
111609,0.00217297
111612,0.00260626
111624,0.00164509
111627,0.00342311
111630,0.00281722
111659,0.00219733
111715,0.00219727
111722,0.00264345
111725,0.000712645
111738,0.00247303
111747,0.00420004
111799,0.00151183
111810,0.00081375
111816,0.00267966
111823,0.00317981
111841,0.0017521
111850,0.00199528
111852,0.000288336
111863,0.00498842
111864,0.000966641
111873,0.0038834
111905,0.00221053
111908,0.00357015
111914,0.000456419
111929,0.00374869
111937,0.00307878
111950,0.00141625
111951,0.00224127
111957,0.00166696
111958,0.00223002
111966,0.00229792
111969,0.000581999
111972,0.00200364
112006,0.00427
112007,0.000591774
112024,0.00223714
112037,0.00612001
112038,0.00200927
112054,0.00234813
112055,0.000324105
112072,0.00536954
112088,0.00656612
112090,0.00135485
112091,0.000771917
112106,0.000702279
112109,0.00330291
112126,0.00201681
112144,0.00120018
112153,0.00213094
112184,0.00201685
112188,0.00217753
112189,0.0025351
112193,0.00192215
112201,0.00169317
112205,0.00411004
112221,0.00243096
112224,0.00448064
112225,0.00154999
112232,0.0029688
112237,0.00190547
112242,0.00823486
112270,0.00228654
112286,0.00444253
112288,0.00275518
112291,0.00698437
112293,0.000605199
112297,0.00229654
112305,0.00270593
112323,0.0058267
112329,0.00489055
112347,0.00169971
112355,0.00456876
112365,0.00219632
112376,0.00144956
112378,0.00217869
112392,0.00253494
112401,0.00637524
112405,0.0025672
112419,0.00169543
112420,0.00181809
112429,0.0011445
112441,0.00284154
112446,0.00405148
112449,0.00355175
112457,0.00280599
112549,0.00122476
112560,0.00503204
112568,0.00247705
112569,0.00282154
112580,0.00245111
112581,0.00171297
112587,0.000802743
112600,0.00243044
112657,0.00440891
112723,0.000933451
112735,0.00193526
112768,0.00406311
112782,0.00250228
112802,0.00249434
112811,0.00308437
112816,0.00436413
112826,0.00499779
112828,0.000163242
112830,0.00289894
112838,0.00260877
112873,0.00321385
112892,0.00291592
112902,0.00132411
112909,0.00244825
112920,0.00262527
112925,0.0032845
112933,0.0019777
112947,0.00514657
112949,0.0040842
112965,0.00547788
112980,0.00169172
112985,0.00419999
112992,0.00218503
112993,0.00266037
113004,0.00356015
113017,0.00416837
113018,0.00116886
113020,0.00161483
113024,0.00370067
113032,0.00198368
113039,0.00106127
113043,0.00290242
113057,0.0022055
113062,0.00561692
113068,0.00176075
113074,0.00155854
113077,0.00093888
113080,0.00641538
113099,0.00449562
113112,0.000945331
113118,0.00773014
113120,0.00054016
113136,0.00205863
113139,0.00696558
113165,0.000773264
113176,0.00363504
113187,0.00189167
113188,0.00397885
113193,0.00172336
113194,0.00172719
113199,0.00149464
113207,0.0028823
113223,0.00102691
113226,0.00183109
113231,0.00170723
113232,0.00404745
113243,0.00263832
113250,0.00164674
113251,0.00148879
113254,0.00210683
113261,0.00498781
113263,0.00115756
113264,0.00384329
113269,0.00171747
113275,0.00142638
113278,0.00512772
113280,0.00318693
113287,0.00362787
113302,0.000723374
113303,0.00352633
113304,0.00461187
113308,0.00205049
113312,0.00310893
113315,0.0032926
113322,0.00266327
113332,0.00256891
113334,0.00194098
113347,0.00336468
113348,0.00484384
113349,0.00216466
113350,0.00157959
113351,0.00107247
113376,0.00165978
113382,0.00203811
113384,0.00363867
113401,0.00199421
113429,0.00193306
113433,0.00181851
113435,0.00374797
113437,0.00110527
113438,0.000227436
113445,0.00289988
113450,0.00261564
113453,0.00268849
113455,0.00451287
113465,0.00174858
113470,0.00168749
113483,0.00180166
113494,0.00417727
113496,0.00395936
113498,0.00192395
113499,0.00397492
113502,0.00240349
113515,0.00368576
113518,0.00363689
113519,0.00161686
113523,0.00515765
113532,0.00241532
113539,0.00563307
113559,0.000613331
113571,0.00501157
113572,0.00487116
113580,0.00384872
113581,0.0020856
113582,0.00238454
113595,0.00126613
113616,0.00227277
113618,0.001889
113630,0.00335227
113639,0.00264058
113647,0.00835263
113655,0.00228577
113658,0.00229201
113661,0.00138552
113689,0.000750414
113697,0.00402076
113701,0.00186408
113736,0.00265513
113746,0.00344775
113750,0.00146564
113752,0.00217419
113767,0.00189101
113770,0.00340182
113794,0.0011408
113798,0.00285388
113799,0.00224213
113815,0.00226295
113834,0.00164362
113840,0.00276184
113855,0.00432218
113870,0.0038504
113879,0.00220273
113880,0.00175978
113886,0.00218543
113896,0.00527851
113899,0.00148748
113901,0.00133585
113905,0.00123391
113911,0.00494916
113917,0.00265411
113931,0.00256951
113932,0.00173132
113947,0.00241249
113948,0.00213272
113951,0.00134781
113957,0.00250109
113959,0.00341418
113962,0.00407353
113964,0.00113062
113969,0.00149337
113974,0.00153318
113994,0.00614105
114085,0.000793036
114091,0.00352357
114097,0.00248918
114102,0.00203745
114127,0.00204868
114129,0.00258124
114154,0.00383811
114155,0.00536567
114163,0.00186489
114166,0.00305391
114168,0.0026073
114169,0.00152383
114200,0.00215547
114211,0.00656374
114222,0.000976172
114225,0.00171439
114235,0.00261012
114237,0.00378967
114240,0.00326009
114263,0.00180194
114268,0.00493796
114272,0.000749001
114280,0.00196809
114285,0.00328834
114319,0.00301884
114326,0.00128885
114336,0.00427995
114337,0.00120014
114341,0.00159598
114347,0.00470996
114348,0.00408002
114352,0.00142398
114354,0.00424133
114355,0.00188435
114362,0.00172053
114388,0.0027308
114410,0.00370632
114411,0.00293041
114413,0.00125796
114417,0.00389311
114424,0.00444954
114427,0.00160367
114437,0.00224081
114443,0.00464605
114446,0.000914285
114453,0.00447714
114456,0.0026541
114464,0.00142577
114480,0.00225095
114510,0.00432478
114534,0.00449234
114600,0.000574703
114623,0.00355616
114625,0.00326678
114629,0.00199834
114634,0.00262754
114635,0.00338084
114638,0.0112038
114661,0.00154047
114663,0.00495816
114678,0.00183536
114682,0.00113896
114688,0.00285804
114692,0.0016539
114702,0.00257593
114708,0.00146979
114746,0.00487225
114751,0.00670152
114757,0.00216008
114769,0.00282749
114772,0.00303516
114776,0.00252349
114778,0.00691803
114791,0.000765549
114820,0.00242996
114825,0.00334791
114834,0.00369321
114836,0.00381724
114838,0.00274777
114841,0.00239473
114842,0.000986912
114845,0.00236519
114847,0.00323015
114849,0.00306667
114854,0.00181923
114898,0.00363895
114907,0.00456254
114919,0.00135329
114924,0.00510955
114925,0.00250991
114929,0.00125947
114930,0.00095888
114934,0.00194809
114951,0.00164413
114957,0.00146704
114981,0.00274797
115025,0.0024817
115065,0.00499148
115111,0.00288271
115124,0.00470961
115146,0.00328718
115157,0.000857004
115158,0.000921317
115161,0.00210361
115177,0.00400603
115183,0.00155101
115185,0.00493796
115187,0.00327908
115194,0.00252947
115206,0.00211193
115230,0.00230556
115245,0.00260024
115254,0.0014633
115255,0.00227064
115257,0.00237425
115289,0.00282252
115295,0.00206685
115298,0.00278445
115308,0.00367335
115311,0.00356167
115319,0.0029521
115321,0.00275405
115330,0.00242082
115351,0.00232131
115355,0.00278982
115385,0.00353943
115391,0.0024462
115402,0.00257939
115408,0.00146234
115414,0.00419138
115428,0.00540754
115443,0.00276904
115452,0.00320341
115465,0.00386761
115478,0.00128892
115480,0.00155578
115487,0.00320993
115488,0.00294758
115508,0.00352392
115576,0.0020965
115586,0.000853738
115595,0.00447572
115649,0.000994116
115652,0.00302093
115655,0.00239424
115666,0.00145079
115667,0.00571353
115668,0.00204514
115693,0.00394306
115709,0.00173056
115713,0.00236064
115739,0.00518583
115740,0.00469355
115754,0.00293276
115764,0.000747088
115791,0.00584542
115793,0.00144547
115794,0.00111562
115798,0.00244387
115801,0.000442714
115803,0.00535538
115805,0.000523725
115808,0.00307492
115812,0.0151561
115813,0.00195781
115824,0.00166597
115830,0.00374096
115843,0.0015377
115862,0.00399405
115872,0.00367256
115881,0.00342074
115889,0.00116865
115894,0.00406592
115895,0.00395501
115905,0.00313997
115917,0.00224019
115921,0.00235673
115936,0.00362173
115947,0.00375046
115962,0.00210922
115994,0.00192978
116016,0.0032052
116032,0.00302247
116041,0.00125316
116045,0.00215565
116053,0.00122158
116057,0.00142595
116076,0.00172835
116086,0.000551955
116087,0.00268019
116095,0.00171415
116107,0.00328293
116121,0.00916006
116142,0.00329687
116152,0.00190122
116173,0.0025176
116183,0.00253206
116200,0.00266998
116205,0.00160106
116208,0.00168406
116221,0.00497118
116238,0.000797654
116243,0.00413803
116268,0.00261444
116275,0.0033583
116279,0.00331293
116283,0.00298874
116285,0.00230469
116305,0.00307958
116306,0.00577003
116315,0.00582211
116317,0.00295344
116335,0.00174574
116338,0.00265168
116345,0.00223349
116347,0.00446708
116352,0.00341274
116360,0.000789522
116418,0.00316742
116437,0.00317779
116467,0.00286148
116471,0.00285012
116488,0.00223552
116509,0.00126363
116510,0.00717304
116533,0.00264726
116560,0.0035169
116581,0.00231399
116593,0.00209099
116608,0.00382793
116611,0.00175333
116615,0.00210739
116621,0.00345157
116627,0.00349828
116633,0.00164914
116639,0.00138022
116657,0.00370586
116658,0.00678314
116663,0.00480309
116669,0.00315818
116687,0.00522551
116695,0.00266766
116700,0.00135162
116701,0.0014136
116711,0.00176979
116728,0.00204229
116745,0.00255289
116750,0.00121528
116776,0.00140492
116787,0.0021062
116806,0.00156796
116810,0.000695508
116825,0.00265908
116826,0.0011791
116847,0.00287959
116858,0.00206282
116866,0.00309344
116883,0.00263843
116902,0.00206146
116910,0.00192944
116922,0.00608001
116938,0.00220076
116945,0.00153297
116970,0.0019554
116986,0.00258438
116990,0.00342418
117017,0.00388599
117037,0.00154645
117050,0.00219158
117062,0.00326848
117072,0.00159043
117080,0.00243192
117108,0.00251773
117135,0.00520268
117142,0.00139642
117143,0.00444491
117151,0.000668662
117153,0.0022271
117154,0.00209539
117162,0.00375855
117163,0.00756574
117164,0.00150941
117173,0.00254508
117182,0.00132909
117194,0.00269683
117200,0.00217497
117238,0.00197426
117243,0.00533376
117261,0.00439262
117320,0.00351326
117358,0.000544744
117372,0.00165867
117381,0.00456147
117393,0.00302035
117394,0.0016151
117398,0.00252679
117406,0.00346256
117407,0.00383372
117408,0.00201023
117437,0.00493801
117439,0.0026778
117441,0.00293571
117451,0.00405877
117470,0.00154913
117503,0.00600624
117507,0.0013205
117513,0.00258335
117531,0.00306181
117546,0.00250596
117555,0.0034613
117559,0.00178816
117563,0.00415571
117567,0.000902522
117576,0.00442407
117578,0.00542686
117581,0.00221459
117587,0.00422212
117593,0.00185646
117594,0.00369474
117599,0.00315967
117601,0.00443374
117605,0.00238757
117612,0.00228495
117617,0.00195073
117619,0.00467367
117621,0.00264094
117623,0.00178477
117626,0.00310052
117628,0.00221231
117631,0.0029523
117651,0.0062066
117677,0.00139119
117710,0.00134856
117712,0.00197729
117729,0.00480688
117732,0.00160113
117750,0.00303236
117762,0.00147427
117764,0.0024778
117768,0.00182219
117770,0.0043121
117783,0.00107351
117794,0.00264077
117798,0.00616578
117819,0.0028442
117823,0.00498638
117829,0.00333017
117850,0.000542149
117862,0.00196611
117867,0.00432346
117879,0.00279605
117880,0.00287511
117888,0.00202595
117890,0.00343199
117898,0.00122465
117899,0.00224311
117903,0.00225617
117905,0.00230409
117911,0.00218493
117918,0.00301623
117920,0.00252606
117926,0.00216768
117930,0.0023694
117941,0.00152309
117961,0.00230751
117963,0.00260683
117966,0.00305743
117967,0.00313431
117982,0.00563993
117986,0.00208842
118004,0.0042084
118005,0.00120927
118019,0.00270651
118025,0.00219666
118027,0.00266504
118028,0.00394921
118032,0.00275315
118044,0.00557809
118049,0.00176646
118051,0.00317742
118054,0.00379293
118059,0.00302528
118066,0.000376344
118074,0.00220212
118083,0.00471875
118086,0.00355165
118093,0.00154908
118106,0.00250998
118110,0.00499174
118112,0.00247353
118122,0.00500561
118124,0.00345908
118131,0.00171493
118132,0.00201927
118139,0.00189952
118140,0.00686462
118147,0.00336165
118148,0.00207291
118153,0.00261766
118164,0.0016577
118172,0.00132885
118179,0.00228382
118181,0.00227655
118190,0.0019677
118195,0.00230384
118198,0.00238477
118199,0.00311193
118200,0.00538205
118206,0.000887118
118210,0.00254513
118215,0.00201543
118231,0.00173984
118235,0.00269407
118239,0.00225031
118254,0.00423051
118264,0.00610926
118266,0.00268437
118268,0.00158996
118276,0.00214141
118284,0.0016473
118300,0.00311645
118375,0.00273193
118408,0.00346641
118420,0.00243465
118424,0.00243053
118425,0.00176637
118426,0.00682324
118442,0.00218152
118474,0.00160941
118483,0.000690772
118506,0.00194782
118509,0.00385829
118510,0.00285133
118530,0.00129719
118571,0.00330565
118644,0.000259573
118731,0.00265861
118737,0.0022085
118741,0.00132324
118746,0.00191382
118751,0.00435732
118759,0.00272911
118824,0.00690389
118831,0.00193015
118840,0.0080866
118850,0.002213
118857,0.0028059
118859,0.00138224
118861,0.00286878
118884,0.00333947
118898,0.00221528
118899,0.000947406
118905,0.00365479
118911,0.00221871
118915,0.00331769
118925,0.00451344
118935,0.00359533
118946,0.00277653
118970,0.00550586
118985,0.00280528
118996,0.00173783
119008,0.00376273
119012,0.00378579
119026,0.00211788
119029,0.00360335
119066,0.0019256
119067,0.0052094
119068,0.000871045
119070,0.00183273
119075,0.0057543
119081,0.00372385
119082,0.00204948
119086,0.00210666
119095,0.00333741
119099,0.00268689
119102,0.00241101
119103,0.00478532
119133,0.00278033
119143,0.00120763
119152,0.00184258
119154,0.00148123
119155,0.00316016
119156,0.00849333
119174,0.00381127
119176,0.00245223
119178,0.00198216
119198,0.00185862
119205,0.00102899
119220,0.00264701
119240,0.00155898
119241,0.00189847
119245,0.00223716
119248,0.000957384
119254,0.00362721
119279,0.00202003
119302,0.00143896
119308,0.00246673
119313,0.00188386
119315,0.00283165
119340,0.00074203
119355,0.00188961
119401,0.00280198
119423,0.00264698
119424,0.00201081
119432,0.002793
119442,0.00222256
119461,0.00468583
119492,0.00388297
119494,0.00187944
119495,0.0018384
119497,0.00748803
119500,0.00282556
119504,0.00127463
119512,0.00203632
119533,0.00341539
119534,0.00453852
119536,0.00160431
119546,0.0103483
119597,0.00499007
119653,0.00113633
119669,0.00253931
119701,0.00988047
119709,0.00391298
119711,0.00158751
119754,0.00340801
119757,0.00242404
119774,0.000888002
119775,0.00209302
119776,0.00182344
119777,0.00595196
119794,0.00457255
119797,0.00842023
119811,0.00313996
119830,0.00255056
119842,0.00176149
119861,0.00290026
119863,0.00293528
119877,0.0012444
119921,0.000145605
119923,0.00252839
119929,0.00985623
119991,0.0026798
119992,0.00304944
119997,0.00291891
120014,0.0023773
120016,0.00579083
120045,0.00171343
120073,0.00172159
120085,0.0026717
120101,0.00368724
120108,0.00393272
120135,0.00402507
120136,0.00200275
120149,0.0019169
120156,0.00165975
120170,0.00280089
120177,0.000841115
120182,0.00343029
120209,0.00315784
120223,0.00268921
120245,0.00673604
120256,0.00360305
120313,0.00189787
120336,0.00199965
120388,0.00848794
120394,0.00343757
120419,0.000453765
120448,0.00483637
120464,0.00266971
120501,0.00234113
120505,0.00570284
120506,0.00257214
120511,0.00342373
120513,0.0117843
120517,0.00191499
120537,0.00386476
120551,0.00164696
120555,0.00278032
120570,0.00281118
120581,0.000785589
120606,0.00178006
120619,0.00295577
120657,0.0016314
120664,0.00347601
120678,0.00165718
120683,0.00440968
120690,0.00220477
120743,0.00157421
120748,0.00160619
120792,0.00237778
120807,0.00249618
120820,0.000560289
120860,0.00148884
120875,0.00759268
120958,0.00262826
120993,0.00174274
121133,0.00494379
121181,0.00208183
121184,0.00260765
121221,0.00120861
121241,0.00536146
121259,0.00292367
121278,0.00182566
121287,0.00308998
121290,0.00145694
121294,0.00721192
121357,0.00293178
121362,0.00101253
121397,0.00208094
121421,0.0032511
121438,0.0030505
121447,0.0028333
121480,0.00294505
121501,0.00190074
121540,0.00475282
121550,0.00177868
121552,0.00206967
121554,0.00310698
121557,0.00295101
121562,0.00394578
121565,0.00379068
121566,0.00216427
121580,0.00164364
121589,0.00175916
121688,0.00200888
121700,0.00107677
121780,0.00312874
121800,0.000516202
121861,0.00113107
121865,0.00140281
121878,0.00437459
121902,0.00188804
121950,0.00299472
121959,0.00241999
121983,0.0037844
121990,0.00756418
121997,0.00222365
122008,0.00137102
122018,0.00157172
122085,0.00187639
122086,0.00225091
122113,0.00672001
122190,0.00288859
122227,0.00408499
122253,0.00291017
122318,0.0028687
122330,0.001658
122457,0.0116783
122480,0.00237123
122533,0.001848
122548,0.00291982
122569,0.00251544
122585,0.00120319
122614,0.0020763
122688,0.00198006
122829,0.00492297
122837,0.00306394
122946,0.00216395
123007,0.00257216
123021,0.00221094
904666,0.0043617
904693,0.00424883
904738,0.000888277
904746,0.000580297
904749,0.0043
904838,0.00216534
904851,0.00243656
904918,0.00516336
905080,0.00267593
905089,0.00474758
905107,0.00246227
905111,0.00320362
905132,0.00222075
905197,0.00565065
905283,0.00158294
905328,0.0024412
905368,0.00455511
905447,0.00342844
905533,0.00361446
905557,0.00350382
905592,0.00452216
905708,0.00171029
905714,0.00414157
905759,0.00438396
905898,0.0022961
906092,0.00371732
906218,0.00320086
906383,0.00514764
906468,0.00282177
906472,0.00247862
906523,0.00287304
906802,0.00265167
907122,0.00457305
907135,0.00123253
907138,0.00207509
907178,0.00254211
907195,0.00275095
907199,0.00379304
907287,0.00307706
907363,0.00556656
907523,0.0023288
907589,0.00235074
907698,0.0109123
907946,0.00259291
908087,0.00261871
908088,0.00282109
908097,0.0023986
908374,0.00366571
908477,0.0032412
908588,0.0081343
908685,0.00622363
908760,0.0023172
908941,0.00304341
909090,0.00292925
909196,0.00377152
909253,0.00407333
909265,0.00312431
909312,0.00286154
909352,0.00358401
909464,0.00278684
909489,0.00210195
909629,0.00256639
909635,0.00274978
909733,0.00211677
909805,0.00326959
909847,0.00262661
909872,0.00303987
909967,0.00173965
909990,0.00151905
910009,0.00220367
910045,0.00314758
910316,0.00211522
910332,0.000945963
910376,0.00134915
910480,0.00300181
910662,0.00318578
910776,0.00211924
910878,0.00246358
911093,0.00143458
911155,0.00175094
911204,0.00234261
911310,0.00661582
911461,0.00306485
911481,0.00340657
911484,0.00453524
911522,0.0128429
911652,0.00184109
912151,0.00220802
912316,0.00272656
912442,0.00149269
912472,0.00262257
912587,0.00287879
912628,0.00070039
912659,0.000533013
912693,0.00275043
912713,0.000653255
912747,0.00261931
912948,0.00194525
913000,0.00227623
913103,0.00264603
913187,0.00266714
913195,0.00159148
913196,0.00519003
913221,0.00494456
913242,0.00175658
913293,0.00359431
913315,0.00365386
913325,0.00448043
913398,0.00741643
913428,0.00137757
913442,0.00489235
913460,0.00346669
913509,0.00354789
913557,0.00198931
913697,0.00278054
913868,0.00282224
913922,0.00330309
913988,0.00226692
914007,0.00539244
914176,0.00254786
914319,0.00147463
914367,0.00246979
914478,0.000960612
914743,0.000560165
914838,0.000872228
914844,0.00200482
914928,0.00238462
914981,0.00248667
915079,0.00306695
915094,0.00320214
915148,0.0025999
915262,0.0026132
915307,0.00196279
915326,0.00271158
915349,0.00332581
915395,0.00331489
915483,0.00336916
915512,0.00533943
915629,0.00189699
915684,0.00183555
915716,0.00283928
915812,0.00374447
915842,0.00314372
915915,0.00329421
916003,0.00274366
916107,0.00335936
916164,0.0061091
916267,0.0048299
916467,0.00116866
916705,0.0029843
916709,0.000654077
916730,0.0123937
916790,0.000796052
916949,0.00392529
917051,0.00557141
917219,0.00687462
917233,0.00161179
917294,0.00276768
917436,0.0012295
917789,0.00225582
917794,0.00288561
917882,0.00233629
918042,0.0014766
918099,0.00631315
918198,0.00345425
918220,0.000777237
918269,0.00120609
918315,0.00111943
918368,0.00141247
918376,0.00539789
918563,0.00291039
918656,0.000815977
918829,0.00154979
918948,0.0028609
918978,0.0017656
919125,0.00199683
919261,0.0040454
919364,0.00372045
919506,0.0021919
919515,0.00240194
919643,0.00423847
919812,0.00147391
919814,0.00272531
920072,0.00441471
920274,0.0059224
920437,0.00148854
920459,0.00375351
920492,0.0024468
920662,0.00364258
920896,0.00204329
920970,0.00258034
921009,0.0037206
921013,0.00292878
921130,0.00330384
921139,0.00158739
921296,0.00351875
921316,0.00215405
921325,0.00341381
921372,0.00389327
921728,0.00234669
921780,0.0020244
921808,0.00201911
921838,0.00441002
921885,0.00382648
922022,0.00111802
922030,0.00352284
922165,0.00283005
922252,0.00343459
922341,0.00248463
922422,0.00125003
922480,0.00290729
922497,0.00181943
922523,0.00240813
922612,0.00319895
922618,0.00158165
922631,0.000682529
922721,0.000970819
923094,0.00699238
923235,0.00206582
923277,0.00178507
923280,0.00187491
923324,0.003801
923406,0.00404144
923426,0.00198578
923536,0.00199343
923668,0.002496
923780,0.0028551
923857,0.00575033
923908,0.00302839
923926,0.0015106
923984,0.00598477
924395,0.00124914
924608,0.000607985
924672,0.00127671
924697,0.0020242
924852,0.00387212
924927,0.00183731
924929,0.00185829
924951,0.00636807
924964,0.00403307
924979,0.00409459
925035,0.00562149
925040,0.0024386
925307,0.00282032
925392,0.00755945
925440,0.00243942
925470,0.00323105
925483,0.0018095
925532,0.00223252
925681,0.00233604
925884,0.00287198
925902,0.00320813
925997,0.0016031
926213,0.00256217
926294,0.00115244
926378,0.00213349
926471,0.00365376
926485,0.00165506
926526,0.00219302
926629,0.00286408
926673,0.000711359
926764,0.00406052
926830,0.00296556
926860,0.00293916
926882,0.00240273
927007,0.003138
927016,0.00152846
927093,0.00303029
927099,0.00163411
927305,0.00194679
927418,0.0010673
927505,0.00351047
927550,0.00232585
927575,0.00644881
927655,0.00259846
927757,0.00361798
927762,0.00394006
927860,0.00167917
927883,0.00293131
927896,0.00424256
928031,0.00923403
928260,0.00142779
928437,0.00442662
928695,0.002246
928696,0.00109022
928931,0.00831331
929207,0.00714247
929229,0.00960484
929290,0.00476809
929429,0.00424233
929642,0.0013289
929770,0.00505932
929776,0.00172952
929883,0.00328039
929971,0.0016415
929985,0.00515541
930023,0.00101457
930126,0.00226148
930300,0.00410464
930570,0.000490065
930984,0.00334655
931220,0.00298328
931452,0.00110369
931584,0.00232437
931617,0.00616567
932216,0.00175129
932406,0.00114128
932534,0.000659292
932635,0.00284685
932708,0.0084434
932805,0.00439491
932958,0.0019391
933155,0.00383298
933183,0.00120355
933336,0.00337422
933514,0.00188536
933609,0.00124726
933740,0.00431483
933866,0.0014649
933915,0.00107105
933991,0.0029384
934319,0.00379685
934346,0.00189146
934389,0.000734765
934461,0.00173202
934471,0.00486595
934536,0.00455984
934633,0.0042511
934635,0.004969
934721,0.00317524
934779,0.00287299
934868,0.00411418
935039,0.0044102
935056,0.00497062
935065,0.00387848
935219,0.00159257
935333,0.00218459
935665,0.0054208
935723,0.0016098
935793,0.00273548
935911,0.00235984
937142,0.00149809
937798,0.00208501
937977,0.00162684
938110,0.00161431
938131,0.00142238
938230,0.00120944
938817,0.000938646
938874,0.00342584
939028,0.00550577
939772,0.00299676
940305,0.00144305
940324,0.0015426
940877,0.00323232
940886,0.00411929
941285,0.00182162
941598,0.00144877
942083,0.00578819
942133,0.00264328
942144,0.000964673
942464,0.00190232
942487,0.00662361
942693,0.00325156
942849,0.000221289
942862,0.00432092
943738,0.002895
943828,0.00115824
943910,0.00496514
943956,0.000946469
944018,0.00204079
944047,0.00421426
944543,0.00135401
944770,0.00106584
944858,0.00249554
945009,0.0022963
945272,0.00287474
945293,0.000908659
945318,0.00199291
945355,0.00184643
945441,0.00143185
945525,0.00343479
945532,0.00301033
945568,0.005984
945628,0.00215399
945705,0.00411648
945765,0.00301773
945826,0.00302232
946754,0.00338465
946804,0.00286788
947259,0.00528911
947351,0.00248066
947395,0.0024758
947422,0.00225148
947561,0.0030345
947708,0.00325966
948383,0.000959579
948838,0.00201846
949240,0.00229989
949308,0.00376315
949496,0.00321305
949682,0.01197
951115,0.00335252
951127,0.00362298
951522,0.00180178
952089,0.00124391
952161,0.000759774
952628,0.00128603
952763,0.00275582
953472,0.00239957
953560,0.00534262
953993,0.00491592
954092,0.00227773
954323,0.0011745
954578,0.00446791
954715,0.00181176
954805,0.00264552
954824,0.00226181
954909,0.00350101
955001,0.0033515
955302,0.0041099
955313,0.00162339
955432,0.00254243
955800,0.00161845
