HHID,AvgTRIPDIST,AvgTRIPSPD,AvgTRIPDUR(S)
100019,4.35,20.45,746.69
100020,7.41,23.94,1048.11
100026,9.19,30.65,976.85
100029,10.26,31.29,956.88
100039,6.27,18.78,786.57
100040,5.98,30.34,684.23
100049,6.33,26.98,701.90
100050,4.03,23.21,659.50
100079,8.35,31.66,793.88
100081,11.97,27.98,1238.92
100084,1.89,22.83,293.27
100087,6.33,29.99,699.65
100118,5.31,26.15,665.31
100120,2.90,22.81,422.33
100126,3.94,18.76,733.19
100131,16.32,30.07,1279.93
100135,3.18,20.45,516.77
100136,5.07,27.63,583.80
100139,1.29,19.35,268.25
100140,1.93,18.10,388.91
100153,6.97,23.85,807.38
100157,11.09,30.14,1021.00
100170,11.91,18.83,2013.50
100175,12.50,34.70,1244.53
100176,45.84,38.58,3709.71
100177,7.70,25.82,911.68
100185,10.89,24.59,1291.28
100191,6.59,24.37,843.50
100195,10.98,27.93,1292.71
100200,5.90,22.14,1125.30
100205,11.93,33.14,1128.44
100206,4.03,17.75,771.71
100210,13.77,31.87,1653.67
100216,5.75,27.38,710.61
100218,4.34,23.62,818.90
100238,5.21,24.19,856.62
100241,7.78,31.14,1095.25
100244,8.03,23.57,1188.50
100245,10.92,33.10,1084.67
100255,15.09,23.26,1393.90
100258,6.31,21.06,1022.75
100263,5.37,20.53,848.10
100266,5.56,18.41,619.94
100268,5.63,18.34,1041.58
100274,3.48,16.49,760.13
100275,2.40,18.23,420.23
100288,4.02,22.34,529.40
100289,3.11,22.60,495.00
100292,5.14,21.74,692.61
100309,5.67,25.15,776.61
100323,7.44,25.96,1007.34
100326,1.63,16.61,325.00
100328,10.13,27.28,1194.50
100337,7.50,29.22,704.25
100341,12.74,23.74,1177.35
100347,14.66,34.15,1453.31
100350,5.07,26.87,782.12
100370,8.30,20.98,1065.90
100373,3.74,19.16,650.25
100383,4.39,19.27,630.51
100387,4.06,24.75,510.73
100394,7.02,25.65,859.29
100402,5.79,24.59,710.00
100419,2.86,18.71,545.40
100422,11.91,33.96,1098.60
100428,7.02,32.05,756.33
100435,10.89,30.27,1265.89
100453,8.49,22.15,991.69
100465,8.91,30.76,859.41
100486,10.32,30.41,1173.12
100488,6.89,20.79,1067.23
100489,5.39,24.93,691.74
100497,6.47,21.29,954.68
100499,4.59,18.02,1079.59
100501,14.76,29.09,4630.50
100505,15.68,25.44,1747.84
100508,17.34,36.88,1516.32
100513,15.02,32.14,1231.12
100514,7.30,24.41,931.18
100536,2.66,16.37,660.05
100537,5.67,19.45,925.58
100542,1.40,18.26,295.83
100555,3.70,20.74,659.08
100561,6.43,20.94,1105.00
100573,7.67,22.54,1019.79
100588,3.96,22.31,593.40
100593,6.08,27.30,604.46
100601,8.21,24.67,1065.87
100604,6.66,22.41,1031.50
100605,6.98,29.74,692.00
100607,5.03,24.31,655.08
100645,4.05,20.81,643.08
100647,12.78,25.13,1900.27
100666,4.14,25.32,545.60
100698,5.40,24.73,708.92
100705,3.51,19.91,699.94
100726,13.41,29.24,1220.94
100741,1.18,16.41,261.00
100773,2.50,20.26,402.00
100775,15.82,26.02,1545.74
100776,14.55,31.98,1244.57
100788,5.44,21.96,862.69
100801,13.57,36.23,1049.41
100831,6.14,26.28,690.56
100833,7.27,27.28,936.58
100851,4.77,23.35,596.18
100852,2.69,20.66,489.50
100891,6.60,28.49,769.88
100892,8.88,27.79,1005.80
100894,11.71,27.51,1066.22
100926,4.60,28.36,476.22
100949,6.42,22.33,792.65
100954,7.43,22.33,1061.50
100956,6.11,23.58,653.68
100961,6.28,15.47,1783.14
100967,6.00,26.15,697.88
101008,7.06,27.34,850.37
101020,4.28,25.90,588.90
101054,5.02,23.45,680.39
101085,6.68,24.60,873.19
101086,0.41,9.99,151.67
101104,8.22,30.62,916.00
101112,5.10,25.15,682.54
101116,4.26,20.49,726.81
101120,2.82,19.85,444.08
101181,13.07,32.45,1245.08
101190,7.23,26.13,946.71
101204,1.88,16.36,391.89
101209,4.32,19.83,756.00
101213,9.16,28.49,1026.42
101214,4.49,24.45,812.09
101224,1.15,14.30,262.80
101225,10.02,34.11,1042.32
101258,2.78,18.36,526.19
101270,5.62,20.23,951.35
101274,5.54,22.05,838.13
101302,2.18,15.35,472.25
101308,2.81,21.55,409.40
101312,5.69,23.86,809.24
101340,8.09,23.65,917.37
101371,2.27,15.52,528.64
101406,8.07,28.07,885.37
101407,5.77,23.72,811.00
101411,5.37,22.80,677.71
101414,5.28,21.03,960.44
101420,7.64,25.90,861.53
101421,1.86,16.76,408.08
101431,21.08,33.54,1205.96
101432,3.65,22.44,596.12
101446,7.33,25.07,953.55
101450,2.61,18.08,475.90
101459,2.02,17.80,390.38
101470,0.90,15.58,213.41
101471,12.44,30.48,1325.76
101474,10.02,29.39,1066.23
101476,4.57,21.21,692.76
101482,4.13,21.47,614.26
101497,5.06,19.38,897.24
101500,16.07,36.69,1308.08
101501,5.59,21.67,718.27
101509,14.53,31.59,1467.78
101520,5.16,22.10,764.15
101535,12.83,32.47,1142.06
101536,9.81,29.80,1233.30
101539,8.90,25.36,792.39
101549,4.13,18.83,788.63
101571,3.30,19.71,503.78
101574,13.88,31.58,1348.76
101589,3.68,22.48,545.61
101593,9.06,28.03,983.35
101597,7.24,24.83,965.10
101598,4.26,22.09,670.86
101616,7.88,24.27,1037.33
101632,5.57,21.85,791.83
101652,7.17,24.41,934.70
101686,5.13,22.14,1987.00
101689,10.08,30.24,997.00
101696,9.92,27.14,926.29
101704,8.06,22.34,852.29
101711,5.12,22.72,701.83
101715,7.71,27.36,951.93
101731,35.72,36.88,2102.50
101734,7.82,30.35,807.09
101757,10.13,30.50,1100.84
101761,0.40,25.04,58.00
101800,2.10,21.32,316.35
101803,7.60,23.31,983.83
101815,6.77,24.42,626.67
101821,4.84,23.92,580.41
101823,7.06,27.82,883.11
101824,7.42,28.90,787.25
101825,5.77,25.69,667.89
101829,2.46,21.96,378.50
101836,4.68,22.09,758.83
101846,0.71,14.73,173.00
101847,6.33,23.72,1263.52
101852,12.27,36.19,1228.20
101865,6.19,18.66,756.31
101909,4.00,17.13,510.07
101911,9.62,28.30,917.28
101936,20.82,29.07,1777.10
101945,4.06,21.94,668.40
101950,4.64,22.21,751.00
101951,3.77,23.41,505.29
101983,8.36,32.88,821.67
102023,9.16,27.24,1232.59
102032,42.58,33.01,2710.73
102043,1.92,22.02,323.29
102053,4.08,24.62,532.11
102070,4.16,19.12,793.54
102089,10.59,29.22,1111.63
102102,3.22,19.49,595.33
102104,13.25,34.60,1190.85
102108,1.51,18.56,314.25
102119,13.66,28.28,1195.73
102127,6.51,28.09,818.86
102134,5.29,22.24,869.62
102140,7.62,28.92,880.89
102153,16.01,37.56,1301.04
102161,6.87,25.06,901.81
102165,3.25,25.88,410.63
102175,10.10,51.10,687.40
102194,18.56,33.99,1455.27
102217,5.73,21.44,1048.25
102238,4.75,19.92,609.03
102250,18.52,35.60,1662.93
102260,2.31,18.38,410.94
102262,5.27,23.71,691.75
102265,3.73,24.01,512.82
102292,2.63,22.03,433.50
102293,5.63,25.29,798.13
102305,6.94,28.28,859.29
102310,7.53,23.92,921.54
102333,3.82,22.73,472.85
102365,13.27,30.51,1224.32
102371,4.05,17.73,758.82
102403,4.53,20.23,690.96
102404,5.02,20.33,881.48
102405,7.91,30.55,848.50
102406,4.96,23.49,606.50
102431,4.17,27.05,455.87
102464,4.28,20.85,678.16
102472,0.67,15.36,171.96
102505,9.17,26.02,1008.55
102513,1.17,16.11,247.83
102521,2.37,19.16,424.60
102522,21.69,31.54,1519.67
102523,11.43,36.25,1143.74
102545,8.75,30.74,721.93
102549,3.94,19.34,648.00
102570,8.58,26.82,1150.67
102611,1.87,17.38,417.57
102624,6.70,20.11,848.00
102683,5.68,23.26,732.34
102719,4.76,21.63,619.83
102728,3.06,19.42,566.00
102777,4.08,20.13,623.23
102795,8.89,26.26,1568.45
102799,20.08,36.15,1682.82
102810,4.96,13.92,1281.00
102830,3.55,23.22,489.00
102838,3.39,18.86,557.07
102854,9.86,34.87,900.60
102860,7.71,27.67,917.26
102872,2.54,20.08,329.40
102902,2.52,16.18,531.26
102914,4.32,20.05,697.69
102917,1.94,16.54,421.38
102923,3.18,22.53,476.10
102938,2.83,19.36,416.58
102940,3.80,27.09,504.00
102943,2.65,19.81,441.67
102946,7.18,24.72,967.38
102957,8.55,24.58,829.71
102967,7.32,30.91,759.85
102968,6.56,25.26,851.26
102991,8.24,28.25,755.05
103012,13.70,37.94,1215.73
103072,4.86,20.35,752.57
103076,8.67,30.11,843.69
103082,3.30,19.78,481.89
103088,7.94,26.09,951.97
103092,1.92,18.26,333.00
103095,1.86,25.62,264.00
103097,12.15,36.95,1106.67
103100,14.62,26.48,1213.30
103103,4.28,18.55,666.00
103120,3.67,21.31,601.68
103122,3.10,20.83,546.00
103125,3.02,20.12,557.31
103146,3.85,20.93,577.91
103160,4.61,21.26,660.59
103166,5.08,26.76,615.33
103168,4.10,20.62,599.20
103173,1.67,22.15,269.86
103180,11.80,30.16,1150.25
103189,4.46,20.63,778.65
103203,19.48,27.93,2090.92
103215,9.30,27.36,972.96
103219,8.29,25.03,981.56
103223,7.67,22.03,1171.11
103225,6.30,25.87,737.29
103237,10.04,21.49,1119.89
103238,5.75,23.16,860.32
103246,4.12,20.27,676.04
103249,4.40,20.85,799.27
103265,9.02,24.40,1165.95
103267,4.24,19.88,679.11
103270,3.16,18.93,521.75
103272,6.94,27.38,842.29
103273,3.77,22.23,553.37
103276,4.06,20.80,689.20
103278,3.23,23.07,486.30
103305,13.02,36.15,1181.58
103308,4.92,21.98,665.95
103310,2.67,15.96,703.80
103319,8.16,25.75,1078.29
103323,8.66,26.42,1038.95
103331,1.47,15.11,335.67
103374,3.56,18.67,638.60
103381,5.13,26.43,614.57
103404,1.89,20.03,357.20
103423,4.20,13.75,1040.63
103435,8.86,30.96,932.74
103440,3.50,16.14,975.78
103469,2.84,22.64,425.25
103473,5.54,25.91,711.60
103474,5.61,34.02,597.20
103475,6.19,29.49,761.00
103487,7.58,27.22,753.52
103490,3.90,23.86,491.56
103500,4.02,22.08,625.50
103506,2.50,17.70,537.88
103521,6.80,30.70,744.57
103529,11.87,37.55,1121.66
103530,11.45,32.13,906.00
103534,4.27,22.91,658.65
103544,6.18,24.35,750.05
103548,9.85,23.78,1344.00
103552,21.08,33.26,1538.50
103554,11.61,31.14,1299.40
103568,8.32,30.62,900.54
103571,3.52,19.29,557.91
103576,4.62,23.77,614.86
103580,2.57,19.85,446.94
103583,7.40,21.60,1217.56
103586,4.89,25.63,636.20
103597,4.98,28.92,580.67
103598,7.59,23.27,1123.10
103606,9.54,29.29,986.34
103610,3.92,22.11,596.84
103617,3.76,19.91,666.40
103621,7.02,20.39,801.06
103623,4.66,20.54,752.59
103626,7.23,37.36,662.44
103653,4.34,25.95,544.57
103657,8.42,32.36,946.17
103664,6.36,22.15,941.18
103666,3.39,25.01,530.42
103669,4.23,22.52,597.47
103672,3.82,22.30,531.69
103677,9.76,22.44,848.53
103680,3.98,28.07,445.00
103683,5.60,24.75,637.32
103712,4.37,22.04,582.14
103713,5.68,25.98,618.26
103724,9.08,27.23,960.93
103725,6.53,22.07,751.44
103726,4.95,25.85,578.43
103727,7.42,29.51,746.43
103741,5.00,23.26,676.37
103755,2.62,19.26,450.38
103760,3.96,22.60,531.57
103773,2.28,19.94,398.44
103788,8.10,26.19,945.25
103809,9.12,29.71,908.11
103811,7.31,31.33,746.80
103812,4.01,22.97,698.97
103819,5.19,24.29,703.65
103826,3.34,16.54,742.42
103831,6.53,18.43,600.75
103832,9.91,26.18,1002.40
103833,5.76,27.35,655.86
103837,11.49,21.27,1122.83
103845,10.22,27.30,1099.57
103865,3.60,19.30,657.85
103869,7.08,25.76,952.47
103877,8.13,25.78,835.04
103883,11.09,25.58,1295.93
103886,17.13,26.43,1675.79
103887,4.14,22.83,576.24
103890,7.36,22.98,744.40
103916,2.91,19.15,467.06
103934,2.75,22.64,361.00
103941,5.19,25.41,737.80
103950,6.08,28.04,757.73
103962,9.51,27.62,1074.09
103963,3.05,19.53,473.90
103969,17.13,23.42,1468.45
103971,4.16,19.68,769.74
103974,10.60,28.84,1606.78
103975,4.10,21.70,667.32
103982,11.48,24.41,1267.90
103985,2.18,17.19,438.00
103986,15.89,30.38,1599.26
103993,9.32,24.21,1278.47
104000,5.51,24.66,737.70
104001,8.46,32.47,929.38
104004,5.14,25.57,654.87
104025,7.02,25.01,797.76
104026,4.52,27.54,570.95
104028,6.61,23.95,775.07
104030,4.09,22.83,588.71
104033,7.82,30.46,781.69
104048,6.63,21.32,857.13
104050,4.11,22.36,626.54
104052,2.64,19.36,489.08
104055,2.81,19.87,452.00
104060,7.34,28.03,916.85
104063,0.96,13.64,288.00
104076,6.19,15.13,1259.00
104080,2.38,18.96,427.63
104081,5.66,26.26,730.76
104085,2.69,15.33,704.36
104093,7.19,26.52,722.13
104094,8.36,22.52,1147.60
104099,14.49,33.21,1215.00
104109,18.25,27.42,1738.33
104112,5.14,23.94,715.20
104125,24.68,34.81,1887.29
104138,3.74,20.94,621.05
104140,12.41,33.44,1287.36
104143,4.07,16.59,770.67
104147,9.51,24.08,987.76
104159,2.69,17.75,485.80
104169,3.32,16.99,532.57
104195,1.84,17.71,367.38
104209,13.36,27.18,1481.63
104215,7.28,26.18,890.15
104222,15.30,39.40,1756.25
104229,5.71,20.96,605.19
104253,5.01,25.31,688.50
104271,5.40,24.99,669.31
104275,16.10,33.51,1421.64
104276,3.85,22.63,523.47
104280,9.53,28.74,959.95
104291,2.53,16.15,504.36
104293,7.31,25.48,1004.45
104295,4.03,23.33,636.79
104297,6.35,22.15,885.40
104298,7.09,30.84,688.13
104304,3.76,15.65,1050.00
104305,2.78,19.24,468.32
104306,4.51,27.56,548.94
104307,1.68,16.08,312.08
104314,5.78,23.52,777.10
104326,11.67,31.82,1011.57
104329,6.28,30.11,698.80
104330,2.88,18.96,519.48
104332,4.29,25.21,523.79
104337,3.70,21.45,520.92
104340,7.47,25.61,1008.60
104343,3.63,18.98,633.14
104350,2.55,19.48,387.67
104364,4.41,22.66,633.73
104366,5.16,26.76,664.44
104368,2.55,18.40,510.94
104391,5.43,27.87,621.95
104393,6.82,31.56,722.32
104395,4.89,29.19,446.63
104398,4.31,23.01,626.39
104404,6.26,26.84,684.98
104408,25.60,33.79,1786.68
104412,7.18,27.78,691.17
104432,8.67,23.33,1331.80
104440,11.17,32.32,1042.45
104443,6.59,22.14,800.27
104445,5.17,23.65,673.05
104466,4.13,28.05,484.17
104483,7.40,24.88,1001.26
104492,6.64,31.31,683.36
104493,15.26,40.42,1349.00
104503,6.89,26.49,767.74
104504,5.21,29.28,596.29
104512,6.17,25.00,733.83
104517,3.86,23.64,489.76
104522,7.92,27.28,997.06
104528,5.57,22.72,1145.05
104532,12.60,30.15,1175.73
104536,12.59,27.98,1142.83
104542,15.23,28.60,1302.50
104552,8.77,26.56,1151.00
104553,4.01,18.55,701.25
104594,4.37,21.60,693.53
104601,2.64,17.74,503.39
104607,4.83,23.18,697.17
104616,4.52,24.75,591.24
104651,1.31,15.54,299.00
104653,9.84,35.16,938.44
104657,4.06,26.55,458.50
104661,6.30,29.15,632.12
104669,1.97,15.50,478.50
104678,12.63,31.85,1304.69
104693,3.95,19.03,731.00
104697,4.74,24.33,602.23
104698,6.67,24.48,701.10
104702,2.78,19.35,493.63
104706,8.34,27.59,939.62
104726,8.56,27.80,881.88
104736,9.57,37.91,878.76
104741,4.93,26.14,608.85
104760,6.85,30.43,704.75
104761,2.68,18.96,464.87
104762,2.12,17.64,372.14
104763,7.10,21.54,951.15
104784,5.86,24.51,665.21
104785,29.66,36.57,2201.30
104790,3.70,23.09,524.00
104794,7.62,17.52,1110.00
104798,7.67,21.56,2413.69
104827,4.63,20.96,769.93
104829,4.10,24.81,605.65
104850,13.18,31.20,1243.88
104862,3.91,20.30,612.23
104870,7.94,30.02,895.67
104874,12.58,30.90,1022.66
104880,6.70,22.70,1001.21
104881,4.14,22.01,661.63
104903,6.34,20.20,885.69
104905,4.47,20.45,663.28
104906,16.65,34.12,1364.09
104909,6.25,23.33,710.02
104930,5.09,13.96,1170.45
104935,7.60,28.20,786.38
104973,6.67,26.62,759.75
104988,4.25,19.08,666.46
104991,7.77,28.15,985.42
104996,1.41,17.67,290.22
105006,13.41,34.06,1125.76
105008,4.36,22.43,659.45
105012,6.21,28.20,685.88
105024,23.67,33.67,1779.58
105027,6.56,24.51,922.65
105030,6.94,24.52,989.35
105033,3.27,21.94,505.31
105042,8.24,30.38,818.25
105043,9.54,26.31,1099.35
105046,7.01,28.43,734.62
105048,9.58,30.80,927.17
105052,3.25,17.58,615.02
105055,1.45,18.45,274.20
105066,4.60,19.51,849.00
105071,8.98,21.06,2964.18
105079,15.31,35.44,1297.00
105096,4.38,23.26,637.65
105099,7.16,24.87,812.35
105110,6.32,23.61,839.18
105122,4.28,24.84,577.41
105142,7.68,28.37,980.75
105146,9.23,27.18,1249.00
105147,5.76,19.38,751.61
105148,6.24,27.53,764.17
105151,9.74,31.00,871.04
105171,7.58,25.28,849.53
105188,2.77,22.26,362.30
105195,5.97,27.51,824.99
105206,8.41,25.21,692.17
105235,0.65,16.03,145.00
105238,6.07,24.14,733.34
105251,7.24,33.91,699.86
105259,27.33,38.23,1990.72
105269,4.61,23.60,774.25
105283,5.12,24.33,698.20
105295,7.26,30.07,806.40
105308,7.71,29.83,870.58
105311,5.01,19.36,870.50
105319,1.50,16.13,373.33
105322,4.07,26.57,507.92
105326,9.88,29.04,1075.71
105335,4.32,20.80,692.64
105363,3.12,19.24,520.08
105364,4.33,18.32,865.86
105367,3.90,25.76,500.07
105374,11.77,33.63,1084.79
105377,11.54,44.86,931.00
105390,20.45,38.63,1778.63
105416,14.10,29.43,1262.00
105417,3.52,21.98,540.90
105426,3.19,24.63,453.93
105429,1.00,17.52,213.33
105436,1.26,17.60,262.60
105444,4.23,25.69,507.83
105447,5.70,24.83,651.83
105450,3.38,22.06,435.83
105451,7.52,24.88,991.37
105452,3.64,18.29,578.67
105469,9.38,22.59,718.56
105482,5.02,24.43,642.75
105487,5.16,25.28,693.45
105488,10.10,30.32,1025.71
105492,3.04,18.00,556.08
105493,5.02,26.96,590.32
105495,4.00,24.09,573.00
105507,2.39,21.83,411.86
105524,3.62,12.47,1049.20
105545,7.88,19.71,1459.29
105554,11.59,30.94,1001.50
105558,2.86,20.73,483.40
105565,11.74,31.29,1127.43
105568,2.10,18.30,331.00
105577,2.58,19.32,438.82
105588,4.06,22.26,535.39
105593,6.28,27.62,701.43
105594,3.73,22.07,554.65
105607,5.75,27.20,691.66
105608,11.03,37.36,849.71
105611,9.72,25.90,1066.92
105621,5.65,28.37,657.06
105635,12.23,29.63,1290.42
105637,4.91,23.18,742.54
105640,10.71,31.38,1058.29
105642,4.51,24.09,664.71
105658,5.70,25.27,795.30
105659,29.82,31.20,2112.28
105668,5.50,23.94,709.18
105680,5.63,24.27,726.92
105689,27.73,39.69,2098.67
105690,3.88,23.92,530.83
105755,7.19,23.62,973.46
105758,3.23,19.78,568.68
105759,13.36,29.73,1628.18
105771,4.42,16.26,768.73
105775,3.34,20.05,438.79
105778,13.16,32.60,1272.78
105787,5.49,27.96,633.24
105791,2.57,19.81,468.25
105801,17.14,35.83,1414.40
105820,3.67,24.02,517.11
105840,8.25,32.27,766.73
105855,34.91,37.15,2127.84
105862,4.31,23.75,502.17
105877,15.55,44.18,1307.33
105902,7.95,24.50,977.50
105907,3.27,19.69,575.55
105928,3.74,19.75,660.41
105929,5.41,25.98,531.84
105940,4.85,20.28,923.47
105945,8.91,26.66,960.33
105955,6.36,23.30,822.90
105957,1.08,16.28,248.67
105964,7.27,26.56,728.78
105974,3.52,16.02,685.90
105976,32.10,41.82,2764.00
105978,11.91,29.45,1092.60
105988,5.96,24.20,675.33
105991,4.04,20.56,634.86
105995,4.62,23.37,662.25
106002,4.18,27.99,550.33
106003,11.49,26.60,1074.13
106004,11.27,32.51,1163.10
106013,1.97,14.54,468.67
106014,4.58,23.54,627.36
106016,7.96,27.14,880.00
106029,8.97,33.42,901.69
106032,2.41,12.57,749.20
106035,10.00,32.18,910.81
106043,1.73,18.08,349.83
106046,8.25,27.63,984.72
106056,4.57,23.57,521.00
106099,5.67,21.35,771.36
106100,6.32,31.78,664.25
106108,8.03,25.59,852.65
106111,4.01,16.24,881.58
106118,9.39,29.64,915.54
106128,7.17,28.52,894.74
106129,0.66,13.01,186.71
106133,5.30,26.30,691.68
106135,3.91,16.06,772.24
106146,8.50,28.82,1571.75
106147,3.18,22.38,458.22
106165,17.41,39.95,1320.42
106172,2.77,17.63,475.33
106174,4.34,21.49,609.37
106199,1.34,17.27,273.24
106238,8.00,28.17,815.43
106246,29.30,33.68,2145.70
106264,6.47,29.89,693.22
106274,12.08,24.99,1031.00
106275,5.75,26.63,628.70
106294,3.12,17.82,506.43
106314,7.14,28.45,830.54
106321,0.55,10.07,197.00
106335,2.71,16.47,403.02
106343,23.89,44.75,1627.25
106346,11.03,31.47,1167.92
106362,3.43,21.27,595.33
106369,3.73,25.88,422.55
106377,1.74,13.96,375.59
106381,3.27,23.03,474.80
106387,14.08,26.74,1242.39
106391,6.65,25.67,853.83
106402,1.60,18.30,305.86
106410,3.41,15.27,709.64
106411,4.71,21.54,740.83
106412,3.99,24.12,490.77
106433,8.68,32.52,932.90
106447,4.29,16.01,960.11
106497,1.90,21.13,270.92
106503,7.44,30.66,771.14
106505,2.51,17.42,463.64
106518,6.31,26.65,868.05
106526,3.25,24.49,476.60
106527,5.30,27.10,624.68
106530,6.29,30.68,666.47
106534,11.91,30.22,1091.57
106553,4.92,20.68,661.82
106564,5.61,23.01,664.62
106572,4.19,26.47,490.33
106587,17.22,30.70,1497.05
106593,3.90,19.22,743.75
106612,19.69,40.86,1349.29
106619,3.06,19.20,492.65
106623,3.70,21.10,397.11
106653,3.19,22.14,548.37
106658,16.21,42.94,1370.00
106695,15.11,29.43,1163.00
106698,8.14,28.49,770.08
106699,8.05,22.24,1196.46
106707,5.75,20.97,715.07
106712,4.68,21.33,712.00
106714,9.59,28.90,1040.96
106720,3.48,18.94,538.92
106721,6.59,27.28,681.11
106725,2.89,21.03,477.82
106731,5.19,26.84,696.67
106735,3.58,21.22,523.25
106737,7.54,24.72,990.68
106790,3.22,24.90,466.00
106798,7.54,25.38,984.69
106802,5.47,27.33,619.10
106807,2.56,20.21,462.25
106813,4.77,34.96,461.67
106815,9.60,31.00,924.55
106817,10.19,30.25,1015.69
106827,5.98,27.27,636.37
106831,4.49,21.63,609.06
106833,5.33,30.24,643.27
106834,2.84,15.49,724.41
106835,7.14,23.85,753.54
106836,7.61,30.49,752.81
106839,5.77,23.84,914.36
106841,3.62,22.40,482.84
106843,5.85,27.38,719.32
106847,6.11,27.79,681.40
106851,8.07,26.43,956.56
106853,10.72,27.47,1124.82
106881,10.08,29.96,1141.93
106885,13.19,31.95,1172.07
106892,7.76,27.60,909.03
106895,8.62,25.44,878.76
106903,2.81,18.99,487.00
106904,3.89,21.92,554.40
106906,3.19,27.65,432.96
106908,5.12,23.45,756.83
106913,4.02,23.99,533.69
106914,3.93,24.40,557.70
106917,7.67,24.50,645.17
106918,4.45,24.52,584.64
106921,2.41,19.12,449.12
106927,5.27,22.85,642.04
106934,9.95,34.81,852.48
106943,1.40,12.60,394.12
106947,6.96,27.12,780.53
106948,9.67,34.72,922.67
106953,4.64,24.68,597.77
106955,7.51,27.67,826.50
106956,2.46,20.34,390.92
106959,5.73,25.24,721.56
106990,15.27,28.69,1354.58
106994,12.28,37.20,1088.92
107031,6.89,27.14,844.86
107033,6.50,27.05,764.26
107045,10.91,35.38,988.94
107056,4.14,21.80,580.60
107061,6.66,22.15,656.25
107070,1.50,15.18,319.75
107072,8.31,33.92,855.43
107074,1.92,17.77,388.00
107077,6.45,26.54,782.51
107082,4.09,28.48,507.00
107089,7.62,29.43,865.82
107101,6.42,26.68,717.73
107106,3.01,17.17,409.04
107118,8.67,32.41,949.20
107128,9.98,26.72,1219.76
107140,8.68,30.00,788.88
107156,5.63,27.61,713.00
107183,5.99,26.61,753.90
107184,9.48,31.88,990.25
107195,18.53,34.21,1522.44
107200,6.12,21.74,832.92
107202,2.94,19.35,495.67
107206,7.01,27.93,827.73
107209,3.19,23.69,428.78
107210,5.32,25.72,711.00
107211,4.38,21.61,660.00
107215,3.51,19.85,650.89
107216,13.13,31.94,1207.09
107222,6.32,29.96,751.53
107227,5.08,22.16,627.26
107228,6.38,25.36,792.85
107236,10.76,32.67,1067.78
107240,3.92,23.27,540.40
107254,4.47,26.44,520.77
107266,7.72,27.10,1072.10
107276,3.94,22.40,599.12
107290,2.47,24.79,363.64
107293,9.64,36.45,800.21
107299,3.27,19.86,499.23
107309,7.05,27.64,862.26
107332,4.65,18.79,665.21
107336,18.69,31.29,2159.00
107340,0.32,10.86,102.75
107342,5.84,30.10,616.15
107364,3.36,21.23,560.93
107367,2.85,22.57,448.00
107372,8.09,24.90,761.14
107395,4.59,24.19,595.78
107398,1.13,19.91,198.33
107400,29.84,38.89,2014.61
107410,10.57,34.77,921.57
107418,12.27,31.59,1050.06
107421,4.40,25.65,574.08
107426,4.50,18.74,778.78
107449,13.94,29.82,1417.82
107452,1.89,17.94,380.78
107456,17.82,31.07,1528.85
107466,10.47,29.78,1087.83
107472,6.95,32.00,735.33
107498,4.41,21.94,687.50
107510,1.19,15.31,281.00
107521,5.98,23.58,804.74
107526,4.13,22.39,679.75
107527,6.77,26.09,811.03
107530,15.73,37.86,1398.75
107534,4.89,21.91,663.39
107536,4.10,24.14,522.53
107541,5.24,21.33,757.32
107552,4.87,22.12,670.94
107554,5.51,24.12,738.75
107565,7.08,28.04,850.76
107567,6.20,23.18,753.00
107617,9.37,31.04,938.64
107623,4.26,26.37,549.75
107625,8.98,31.26,770.68
107626,10.45,24.64,1199.47
107655,4.16,31.01,511.48
107663,8.76,33.38,904.38
107665,9.22,30.21,981.77
107684,3.58,21.31,550.25
107687,6.84,34.36,709.43
107691,10.81,29.16,1279.67
107698,7.54,27.58,796.58
107699,29.04,33.32,1862.30
107700,3.32,20.66,557.68
107701,2.89,17.77,548.67
107710,4.59,21.82,793.15
107714,3.09,22.57,537.00
107719,3.82,20.25,648.15
107720,5.23,24.34,620.47
107723,5.59,25.59,746.09
107728,4.18,23.89,576.36
107733,5.26,27.90,576.74
107737,11.83,32.12,1043.79
107738,3.43,21.28,537.27
107746,1.83,19.70,301.26
107801,4.22,23.45,679.84
107811,4.71,28.37,560.00
107812,11.60,27.79,1162.43
107867,11.10,31.05,1227.55
107872,4.01,19.91,667.88
107876,11.56,27.82,1084.71
107897,8.71,25.82,908.72
107901,2.43,15.95,498.09
107909,13.24,32.60,1221.00
107915,18.51,42.09,1239.83
107920,7.14,24.05,693.46
107923,7.61,27.74,848.15
107933,4.27,20.35,595.60
107952,4.14,26.24,517.63
107955,14.00,38.10,1098.42
107956,4.72,30.15,497.47
107958,2.81,18.99,506.14
107965,9.77,29.32,929.14
107968,6.54,26.98,688.24
107973,14.44,37.39,1278.54
107975,2.34,15.97,507.60
107976,6.17,24.94,823.59
107977,3.94,21.74,506.17
107980,2.72,22.94,377.67
107986,11.77,29.85,1193.19
107988,0.40,15.54,93.75
107989,3.35,18.79,676.86
107996,8.40,27.61,997.30
107998,4.37,19.08,792.64
108010,1.34,16.52,290.53
108016,3.03,22.38,453.15
108037,4.49,23.65,555.41
108070,1.80,14.49,374.38
108081,9.00,29.00,853.93
108088,4.27,21.62,603.65
108090,5.71,24.59,757.78
108098,9.02,30.11,1052.96
108109,4.31,23.25,587.95
108125,9.17,31.36,794.63
108133,1.42,18.97,247.25
108137,15.01,35.49,1243.88
108138,9.12,28.98,837.44
108140,7.54,23.19,985.79
108150,5.01,22.22,693.61
108152,10.80,31.51,1014.80
108159,4.05,20.67,620.10
108181,3.03,20.99,432.00
108185,6.88,20.52,1132.53
108187,2.02,17.62,414.00
108192,6.94,30.15,710.02
108205,6.94,25.92,858.86
108206,5.13,28.72,649.61
108215,4.56,24.24,539.31
108231,3.93,23.35,502.94
108242,3.04,19.44,534.14
108244,5.73,26.97,714.55
108251,3.07,23.50,388.78
108277,11.41,29.01,875.54
108278,4.70,20.30,819.17
108279,7.06,29.04,756.44
108290,9.94,31.68,1032.82
108306,4.19,21.50,657.78
108348,5.58,21.87,627.72
108360,4.48,19.73,714.12
108362,6.96,30.00,728.48
108370,5.56,22.02,861.40
108403,1.17,13.92,276.85
108404,15.82,33.98,1107.00
108420,6.01,25.95,701.83
108424,8.57,32.50,975.08
108438,5.80,24.44,722.84
108463,8.62,32.65,768.75
108465,6.44,22.42,734.13
108468,8.80,34.86,824.68
108472,5.21,24.62,590.17
108473,2.58,22.32,326.67
108488,4.28,20.24,680.61
108497,6.01,26.17,693.04
108498,9.25,26.86,1191.25
108502,5.37,25.61,658.90
108505,5.67,20.88,989.29
108517,7.79,23.97,906.25
108519,3.26,20.30,468.32
108522,5.96,26.44,731.93
108528,6.57,24.57,900.81
108531,4.33,27.20,458.78
108556,8.01,28.08,913.03
108558,39.60,36.24,3016.92
108563,6.10,25.10,672.66
108567,5.68,29.93,660.52
108584,5.84,24.76,619.96
108585,3.17,18.23,580.73
108587,5.91,27.69,636.06
108603,3.48,22.00,469.02
108604,6.12,26.33,759.38
108605,7.52,28.40,781.68
108613,4.81,28.85,477.00
108615,1.45,16.60,299.80
108628,1.06,17.84,212.25
108664,4.32,23.14,531.03
108673,3.51,21.07,497.34
108681,4.95,26.96,582.00
108682,5.14,19.27,748.00
108684,8.87,31.98,845.33
108689,4.24,23.51,600.10
108694,6.26,27.47,775.67
108714,8.66,28.88,913.00
108725,5.21,22.36,816.58
108729,6.28,26.71,763.56
108744,6.57,25.28,773.29
108751,2.51,20.57,480.38
108754,8.31,27.57,834.91
108759,7.54,27.11,828.73
108780,11.86,32.53,1100.33
108797,7.45,27.20,883.81
108805,10.35,28.84,823.67
108806,4.89,20.72,654.78
108839,3.15,19.55,492.17
108856,10.26,30.42,1147.16
108866,2.30,21.31,406.00
108878,8.07,26.81,820.86
108879,3.82,21.26,557.72
108888,1.37,17.81,260.40
108903,2.33,18.84,471.75
108905,9.17,29.66,970.90
108907,10.32,31.83,1038.83
108917,8.22,30.29,801.55
108921,3.71,19.52,631.43
108929,8.04,29.13,833.68
108950,7.26,29.46,814.98
108976,9.16,31.76,985.40
109017,2.88,21.03,438.13
109053,2.30,17.25,475.50
109077,4.41,32.47,490.58
109105,3.16,19.30,436.98
109109,3.13,17.29,582.70
109128,5.50,20.97,895.73
109131,5.38,24.38,652.33
109132,7.96,30.11,769.58
109133,5.79,22.76,729.97
109142,2.76,18.92,450.38
109154,1.11,15.43,246.14
109162,1.61,18.09,305.36
109165,0.51,13.03,151.67
109174,6.10,22.22,797.60
109181,5.18,24.43,746.76
109184,4.43,23.24,639.81
109195,4.94,23.98,652.42
109202,3.94,21.39,721.87
109225,7.80,30.48,833.20
109252,8.32,30.87,861.25
109269,0.67,11.47,211.00
109298,13.23,32.61,1361.29
109365,3.84,25.59,513.75
109385,9.74,23.91,1183.49
109402,23.18,37.21,1493.82
109404,2.76,18.34,785.57
109415,10.65,35.12,1034.36
109466,109.12,55.64,5891.29
109470,5.96,24.96,678.81
109496,1.66,18.35,299.18
109499,2.74,20.50,763.44
109501,4.45,25.10,621.41
109506,2.90,22.04,432.29
109515,3.88,23.83,523.02
109523,11.84,29.62,985.88
109524,5.75,22.84,802.38
109545,3.30,17.74,591.88
109547,5.66,26.89,663.50
109551,4.63,29.05,552.37
109559,5.53,28.52,708.63
109574,3.62,19.05,574.76
109600,2.37,19.49,359.70
109607,5.13,25.23,754.45
109613,9.44,27.03,1052.90
109627,10.93,28.52,1181.78
109633,12.01,32.17,1057.13
109672,3.93,21.36,471.56
109688,3.45,21.91,548.13
109691,14.91,30.04,1507.82
109692,7.89,29.39,729.00
109708,3.01,22.28,370.53
109720,5.27,24.30,749.90
109728,2.79,6.59,1525.00
109732,4.80,24.31,687.29
109736,5.03,30.90,541.57
109740,6.45,28.08,724.65
109744,7.29,25.57,821.54
109750,7.80,20.96,976.61
109755,9.57,28.31,1099.78
109782,9.63,26.95,849.73
109789,0.85,14.74,232.00
109796,16.21,25.75,1391.21
109800,5.86,19.03,1224.27
109818,4.88,23.85,730.40
109828,20.86,32.70,1642.21
109833,11.63,24.26,1278.15
109834,9.24,29.25,915.78
109841,6.52,24.11,928.93
109860,4.24,23.17,578.63
109877,2.37,16.24,564.20
109908,7.26,26.02,924.60
109929,2.26,20.30,407.16
109955,9.13,30.04,977.18
109961,8.28,24.10,895.20
109967,8.11,28.68,867.65
109977,2.41,19.25,410.35
109979,3.75,23.21,479.54
109985,4.82,21.68,716.69
109993,4.06,21.03,681.31
110014,7.20,28.93,794.03
110027,8.13,27.50,877.83
110034,6.32,24.65,807.63
110039,5.92,27.74,694.40
110041,14.09,31.39,1589.71
110055,10.60,32.60,853.38
110088,2.60,20.76,369.13
110092,19.04,29.93,1685.40
110104,34.12,39.34,2106.85
110123,4.12,22.25,580.55
110126,5.27,27.11,656.00
110128,9.07,25.55,933.29
110129,3.11,20.73,467.67
110140,32.45,42.44,1966.06
110151,3.33,21.52,671.73
110161,4.48,23.26,632.68
110167,5.93,27.24,766.87
110168,3.46,20.58,540.65
110169,2.47,18.37,470.26
110170,2.84,16.19,489.18
110181,5.85,24.31,761.27
110185,1.22,14.78,267.88
110192,20.41,33.66,2195.56
110195,0.42,12.22,133.83
110206,5.77,20.41,890.10
110214,4.72,20.97,662.17
110217,2.33,19.95,412.43
110231,15.83,39.86,1358.40
110233,3.66,22.25,601.36
110235,2.93,16.13,662.63
110240,11.48,29.58,1261.48
110265,6.06,25.53,850.78
110269,1.89,19.84,338.67
110277,12.72,32.74,1166.21
110285,9.01,28.11,1021.47
110288,3.65,19.81,515.79
110291,2.48,15.76,544.80
110294,4.98,20.86,676.78
110297,0.49,12.38,133.50
110298,15.91,35.47,1566.73
110300,10.99,33.00,1019.00
110308,5.27,24.12,726.95
110309,8.71,29.44,824.67
110322,8.81,25.96,1149.55
110327,6.97,28.66,824.40
110331,4.58,23.28,684.24
110335,19.59,41.76,1537.67
110337,12.03,35.05,1138.67
110355,9.02,33.75,758.86
110356,2.41,18.14,456.29
110361,2.68,21.45,396.75
110365,8.05,23.54,1002.67
110367,7.70,32.10,732.98
110369,11.28,30.17,1201.15
110376,13.77,28.16,1275.96
110379,7.96,30.23,791.59
110381,6.47,25.37,725.67
110384,6.05,25.75,708.03
110401,2.29,18.03,369.38
110402,8.82,18.90,1095.63
110414,2.00,19.62,340.50
110423,7.32,27.48,730.21
110428,6.60,29.70,770.69
110429,6.10,29.75,592.14
110430,7.32,27.45,894.22
110442,5.14,23.98,723.23
110446,6.67,12.74,1748.82
110456,3.65,25.02,445.50
110475,12.65,31.82,1326.95
110507,9.48,33.75,809.23
110518,13.72,32.60,1108.43
110522,5.58,26.02,637.23
110523,1.03,13.33,247.75
110529,2.72,25.23,320.10
110543,3.74,21.95,590.17
110560,16.94,31.00,1404.75
110561,2.91,21.92,486.35
110566,13.65,36.61,1168.66
110605,4.55,18.99,780.41
110609,4.86,22.95,762.79
110613,4.08,31.28,443.00
110629,5.33,25.40,790.69
110632,5.39,21.41,849.37
110664,10.95,32.18,1036.25
110672,3.88,23.00,709.13
110679,5.45,26.19,705.13
110696,3.49,19.55,503.18
110698,4.92,22.83,755.80
110848,4.59,24.23,642.47
110849,1.29,15.37,297.71
110854,11.18,32.12,996.06
110865,9.43,32.42,948.05
110869,12.83,33.35,1219.21
110913,7.18,27.44,704.09
110925,7.49,39.05,693.50
110929,2.96,22.79,468.68
110935,5.35,16.48,1208.88
110936,2.97,15.39,563.00
110959,5.50,25.27,685.90
110982,8.13,31.17,792.93
110991,3.47,21.38,479.33
110996,3.69,21.47,586.26
111019,2.61,18.45,392.24
111033,8.95,26.00,1074.19
111052,4.83,23.32,542.25
111058,17.53,33.87,1606.65
111081,6.95,22.07,1152.83
111097,4.98,21.51,692.50
111103,7.81,28.87,992.00
111125,3.76,24.34,564.60
111140,5.74,23.94,777.06
111154,6.31,20.74,702.11
111155,11.21,36.09,1037.60
111173,8.16,28.88,845.60
111185,2.55,21.73,342.71
111187,7.25,30.65,822.27
111197,3.15,22.64,396.20
111213,3.86,10.81,4402.43
111221,3.35,20.83,526.86
111223,14.50,36.69,1261.83
111232,53.20,55.49,3451.00
111239,9.11,29.38,952.52
111253,4.02,19.90,689.10
111257,1.77,14.32,587.09
111263,8.80,22.71,940.00
111269,5.93,28.07,622.62
111273,4.76,23.72,607.16
111308,6.83,27.76,786.30
111313,8.60,21.63,752.21
111315,3.69,19.68,631.00
111328,6.53,26.29,710.15
111345,11.97,31.26,1278.86
111351,3.34,21.22,557.50
111363,10.27,31.68,1132.25
111390,4.53,24.85,545.37
111392,2.97,20.03,474.93
111396,6.23,25.53,723.21
111421,4.95,22.68,780.29
111459,2.46,15.09,541.91
111470,0.70,9.99,297.00
111497,4.52,25.47,647.71
111498,6.04,23.90,801.04
111501,13.42,33.74,1346.60
111502,1.10,11.53,374.20
111509,3.25,15.81,794.27
111517,9.79,24.89,1302.38
111536,2.22,19.70,337.97
111552,6.33,37.64,516.29
111558,3.53,24.34,536.15
111561,1.93,15.28,449.00
111564,5.11,25.42,705.42
111572,12.26,33.54,1060.84
111574,12.67,32.96,1097.97
111576,4.09,21.96,593.11
111577,14.42,26.66,1381.46
111609,4.71,22.74,662.88
111612,5.62,22.52,753.50
111624,3.59,23.06,502.08
111627,8.42,28.45,853.08
111630,7.18,30.10,688.79
111659,4.98,24.89,677.00
111715,5.59,30.05,643.81
111722,6.30,27.00,771.38
111725,1.20,14.16,298.13
111738,6.03,28.04,667.69
111747,11.06,32.44,1053.33
111799,2.91,18.21,520.68
111810,1.61,19.28,304.29
111816,6.97,31.27,696.50
111823,8.52,34.23,774.29
111841,3.70,21.67,500.14
111850,4.37,23.18,598.11
111852,0.61,21.41,104.00
111863,13.10,32.20,1179.73
111864,2.06,22.02,357.38
111873,10.38,33.97,926.88
111905,4.32,18.80,717.50
111908,9.01,29.64,976.95
111914,0.78,14.48,195.25
111929,9.97,33.37,839.08
111937,8.32,35.17,839.14
111950,2.91,20.55,427.00
111951,5.02,24.28,640.95
111957,3.25,18.75,637.40
111958,4.24,17.77,809.50
111966,5.45,26.83,664.74
111969,1.33,25.23,233.78
111972,4.66,26.03,524.73
112006,10.69,29.26,989.95
112007,0.97,13.51,260.33
112024,5.80,30.98,608.00
112037,17.55,42.91,1255.55
112038,4.42,23.46,610.44
112054,6.14,31.83,638.00
112055,0.53,13.52,142.83
112072,13.18,28.34,1486.11
112088,15.98,27.93,1217.42
112090,2.65,18.81,527.48
112091,1.47,17.76,272.42
112106,1.11,12.49,325.50
112109,7.96,27.51,921.95
112126,4.10,20.20,721.70
112144,2.39,19.51,409.15
112153,5.05,26.82,624.65
112184,4.51,24.17,636.56
112188,4.63,21.94,554.10
112189,5.90,26.04,727.38
112193,4.12,22.31,684.79
112201,3.25,18.21,657.15
112205,10.42,29.86,1086.20
112221,6.32,31.17,570.86
112224,10.88,27.86,1380.10
112225,3.31,22.07,485.24
112232,6.98,26.44,853.38
112237,3.72,18.75,521.50
112242,23.87,44.89,1794.50
112270,5.23,25.33,608.93
112286,10.45,26.47,1153.46
112288,6.21,24.60,823.32
112291,19.67,40.20,1522.50
112293,1.10,16.28,235.33
112297,5.38,26.30,651.60
112305,6.49,27.28,798.00
112323,15.08,30.92,1612.14
112329,12.70,31.15,1265.95
112347,3.59,21.72,570.57
112355,11.01,27.50,1196.63
112365,5.88,34.06,659.82
112376,2.90,19.56,471.71
112378,4.81,23.61,641.53
112392,5.37,21.82,701.26
112401,16.52,30.96,3207.77
112405,6.50,29.82,754.42
112419,3.52,21.01,474.00
112420,3.72,20.38,754.57
112429,2.26,19.12,406.18
112441,6.20,23.05,773.07
112446,9.43,26.02,1087.00
112449,9.32,32.07,885.00
112457,6.12,23.05,946.25
112549,2.82,25.55,373.17
112560,13.46,34.00,1305.33
112568,5.18,21.31,678.79
112569,6.58,26.10,909.70
112580,5.54,24.68,802.45
112581,3.45,19.85,568.20
112587,1.35,13.98,301.58
112600,5.58,25.48,668.27
112657,11.58,32.20,1188.70
112723,1.45,12.26,397.59
112735,4.80,28.86,535.87
112768,10.84,33.71,905.00
112782,5.21,21.12,691.15
112802,5.94,27.00,774.07
112811,6.91,24.25,872.71
112816,11.68,34.02,957.00
112826,11.17,24.16,1315.06
112828,0.24,11.45,78.00
112830,6.62,25.25,766.00
112838,5.45,21.23,678.55
112873,8.10,29.58,835.10
112892,7.49,30.50,847.67
112902,2.36,15.73,522.30
112909,5.50,24.43,736.95
112920,5.95,24.84,874.72
112925,7.55,25.51,781.89
112933,4.11,21.04,571.77
112947,12.80,28.93,1567.75
112949,10.07,28.52,1287.70
112965,14.38,32.13,1267.92
112980,3.67,22.75,498.00
112985,9.83,26.27,1110.74
112992,4.57,21.24,746.17
112993,5.43,20.37,733.54
113004,7.75,22.97,952.29
113017,9.60,25.58,1073.11
113018,2.20,17.41,413.55
113020,2.94,16.39,741.06
113024,7.88,22.02,1089.17
113032,4.44,24.27,648.47
113039,2.07,18.72,380.17
113043,6.92,27.01,796.27
113057,4.77,22.70,726.33
113062,15.05,34.21,1166.71
113068,3.93,24.05,1323.75
113074,3.30,21.74,496.58
113077,1.96,21.12,382.75
113080,16.04,29.20,2309.43
113099,12.12,34.80,1156.33
113112,1.62,14.50,411.78
113118,16.54,22.20,2200.00
113120,0.96,15.53,220.63
113136,4.57,23.82,661.00
113139,18.38,32.63,1498.45
113165,1.48,18.09,283.13
113176,9.22,29.89,948.28
113187,4.00,21.75,647.14
113188,10.17,30.25,1113.53
113193,3.58,21.03,484.37
113194,3.16,16.51,591.59
113199,3.04,20.17,496.69
113207,6.46,24.30,761.50
113223,2.03,19.20,347.67
113226,3.65,19.53,614.94
113231,3.80,24.01,458.41
113232,10.88,34.49,1048.32
113243,6.25,26.74,798.57
113250,3.33,20.02,579.36
113251,3.11,21.22,461.78
113254,4.96,26.50,609.79
113261,13.21,32.98,1153.40
113263,2.59,24.18,362.62
113264,9.18,27.11,737.11
113269,3.05,15.57,579.25
113275,2.89,20.10,443.42
113278,13.67,33.68,1320.86
113280,7.72,27.76,942.45
113287,9.03,28.98,1023.86
113302,1.41,18.63,256.17
113303,7.75,23.39,1016.96
113304,12.11,32.17,972.68
113308,4.40,22.33,517.90
113312,7.56,27.89,695.77
113315,8.52,30.90,844.88
113322,6.03,24.80,731.65
113332,5.85,25.07,689.04
113334,4.17,22.39,632.40
113347,8.83,32.11,755.82
113348,13.13,35.41,1213.12
113349,4.99,25.67,565.58
113350,3.54,24.32,468.18
113351,2.00,17.20,411.74
113376,3.93,26.77,490.78
113382,4.54,23.98,607.78
113384,9.69,33.59,1010.04
113401,4.55,25.14,622.96
113429,4.07,21.58,636.58
113433,3.98,23.18,601.91
113435,7.89,21.54,946.36
113437,2.17,18.96,367.44
113438,0.42,16.41,84.50
113445,7.44,30.47,795.31
113450,6.35,27.84,686.53
113453,6.04,24.42,800.64
113455,12.69,39.99,878.57
113465,3.35,18.05,685.57
113470,3.69,23.18,507.54
113483,3.98,23.64,545.02
113494,10.15,27.88,987.04
113496,10.16,30.46,908.90
113498,4.22,23.31,579.65
113499,10.61,33.80,1128.50
113502,5.92,28.51,653.46
113515,9.05,28.35,914.60
113518,8.16,24.36,840.75
113519,3.26,19.93,528.31
113523,14.56,40.53,1435.58
113532,5.16,22.14,811.48
113539,12.99,25.65,1135.33
113559,1.18,18.15,233.00
113571,12.79,30.21,1299.64
113572,12.57,30.77,1424.38
113580,9.76,29.87,1016.71
113581,4.37,21.35,523.40
113582,4.48,17.41,743.20
113595,2.79,23.55,429.30
113616,5.06,23.97,717.61
113618,4.46,26.58,517.50
113630,8.12,27.74,985.14
113639,6.09,25.63,780.50
113647,24.14,44.36,1933.24
113655,5.97,31.58,586.86
113658,4.92,22.34,764.61
113661,2.80,19.95,454.44
113689,1.37,16.47,306.56
113697,8.66,22.49,1386.00
113701,4.30,25.69,507.19
113736,6.11,25.58,704.12
113746,7.59,23.49,926.56
113750,3.41,25.96,465.41
113752,5.37,28.62,602.28
113767,3.59,17.79,613.00
113770,8.54,29.36,867.40
113794,2.33,20.31,392.65
113798,6.79,26.94,739.38
113799,4.79,22.17,695.00
113815,5.49,27.80,639.41
113834,3.04,16.87,499.46
113840,6.71,27.84,767.42
113855,11.59,34.25,908.93
113870,9.41,28.12,1284.50
113879,4.48,20.22,661.64
113880,3.87,23.43,566.32
113886,4.34,19.35,741.67
113896,14.67,38.40,1360.50
113899,3.30,23.83,469.80
113901,2.59,18.49,515.86
113905,2.45,19.41,442.86
113911,13.68,37.80,1072.79
113917,6.44,27.81,685.21
113931,5.89,25.42,738.13
113932,3.78,23.12,525.88
113947,5.49,25.08,688.81
113948,5.62,32.55,539.34
113951,2.86,21.83,434.38
113957,5.65,24.72,684.80
113959,8.60,29.54,1017.56
113962,9.62,26.62,1059.88
113964,2.49,23.44,366.18
113969,3.25,22.91,444.77
113974,3.48,24.93,502.06
113994,16.78,36.39,1641.40
114085,1.33,13.91,439.70
114091,9.35,33.22,856.76
114097,5.40,22.83,680.64
114102,4.92,27.61,475.29
114127,4.01,18.83,580.50
114129,6.24,27.61,727.28
114154,9.97,31.15,1150.60
114155,14.28,33.48,1261.00
114163,4.66,29.16,342.83
114166,8.01,32.09,849.50
114168,5.43,21.09,815.75
114169,2.97,18.74,576.67
114200,5.04,26.24,606.47
114211,16.77,30.26,1289.27
114222,1.98,20.09,374.72
114225,3.58,21.26,582.41
114235,5.80,23.88,576.00
114237,9.82,30.99,901.61
114240,7.60,26.08,1058.82
114263,3.78,21.41,526.55
114268,11.42,25.78,1280.77
114272,1.50,19.65,268.18
114280,4.60,26.20,578.58
114285,8.55,31.24,957.75
114319,6.91,25.34,696.67
114326,2.75,22.08,350.32
114336,9.90,25.77,1289.40
114337,2.64,23.48,398.14
114341,3.51,23.42,458.28
114347,12.47,33.00,1378.40
114348,10.45,30.36,1129.75
114352,3.04,22.14,468.67
114354,10.20,27.41,894.35
114355,4.55,27.58,557.75
114362,3.73,22.78,528.21
114388,6.29,25.59,700.15
114410,9.62,31.04,1041.09
114411,6.63,24.79,877.00
114413,2.53,19.76,426.62
114417,10.12,31.25,1046.33
114424,10.78,27.72,1098.44
114427,2.88,15.88,680.25
114437,5.06,24.66,749.30
114443,11.38,28.25,983.23
114446,1.84,19.91,334.88
114453,12.26,36.59,1082.58
114456,5.57,21.41,519.70
114464,3.19,24.23,465.22
114480,5.21,25.78,656.67
114510,11.68,35.04,1179.67
114534,12.64,40.14,960.79
114600,1.03,15.76,251.43
114623,9.46,33.48,917.14
114625,8.79,34.68,807.38
114629,4.06,20.20,434.19
114634,6.58,29.27,735.29
114635,8.51,29.51,995.64
114638,33.39,51.45,2341.00
114661,3.26,21.80,554.35
114663,13.49,35.86,1293.18
114678,4.06,23.73,506.92
114682,2.42,21.85,386.08
114688,6.86,27.32,772.77
114692,3.77,25.19,478.00
114702,6.08,26.60,686.60
114708,2.90,19.19,460.86
114746,13.04,34.09,1097.76
114751,17.72,32.82,1732.50
114757,5.01,25.88,616.07
114769,7.00,28.73,791.33
114772,7.95,31.87,854.95
114776,5.98,26.76,719.42
114778,16.89,28.09,1355.62
114791,1.27,13.63,314.30
114820,5.98,28.41,674.73
114825,8.60,30.54,848.18
114834,9.49,30.55,1034.04
114836,9.41,28.53,1068.41
114838,6.22,24.81,690.03
114841,6.13,30.35,723.40
114842,2.00,20.08,347.32
114845,5.20,23.38,763.20
114847,8.40,31.26,783.60
114849,7.63,28.94,690.75
114854,4.90,34.73,487.93
114898,8.94,28.35,978.26
114907,10.93,27.23,1336.33
114919,2.90,22.21,457.25
114924,13.51,32.82,1508.43
114925,6.15,28.26,779.38
114929,1.80,10.63,608.00
114930,1.91,19.38,325.55
114934,3.94,19.99,573.82
114951,3.53,22.34,512.60
114957,3.23,23.51,488.67
114981,6.99,30.05,894.53
115025,5.31,22.22,720.24
115065,11.72,26.40,1112.97
115111,7.16,28.88,800.50
115124,11.69,28.85,1216.86
115146,8.46,30.65,853.45
115157,1.45,14.24,350.17
115158,1.70,16.75,366.25
115161,4.67,23.86,655.92
115177,10.86,35.47,942.95
115183,3.37,22.85,483.17
115185,14.12,42.44,1079.00
115187,7.77,26.77,795.39
115194,5.33,21.56,735.35
115206,4.23,19.67,757.00
115230,4.63,19.77,810.92
115245,5.87,24.70,783.50
115254,3.05,21.14,511.56
115255,5.03,23.78,713.86
115257,5.27,23.87,696.19
115289,6.49,25.52,668.31
115295,4.23,20.47,617.05
115298,7.30,31.94,749.96
115308,9.24,29.47,849.15
115311,9.38,32.44,907.59
115319,7.08,27.32,871.95
115321,5.21,17.62,1086.25
115330,4.19,14.80,1205.78
115351,5.08,23.18,661.50
115355,6.79,27.93,707.90
115385,8.29,26.27,882.36
115391,6.42,32.08,661.45
115402,5.70,23.66,682.13
115408,3.03,20.92,479.41
115414,11.35,35.36,1119.31
115428,13.95,30.74,961.62
115443,6.60,27.02,716.91
115452,8.28,30.82,837.10
115465,10.29,33.43,1111.00
115478,2.41,17.22,396.44
115480,3.05,18.88,516.72
115487,7.75,27.61,852.93
115488,7.59,30.63,732.64
115508,7.85,23.99,914.96
115576,4.77,25.04,473.68
115586,1.57,16.68,343.10
115595,12.26,36.62,1047.12
115649,1.69,14.35,396.54
115652,7.80,30.78,787.48
115655,5.61,26.28,711.97
115666,3.29,24.88,494.71
115667,13.65,27.12,1168.06
115668,4.20,20.59,759.29
115693,10.25,31.18,960.59
115709,3.60,21.11,731.18
115713,5.71,27.70,681.10
115739,13.07,29.58,1369.00
115740,12.54,33.92,1262.11
115754,6.02,20.56,754.46
115764,1.69,24.76,296.20
115791,13.98,27.16,1108.35
115793,2.65,16.50,517.83
115794,2.10,17.44,419.22
115798,6.15,29.47,615.00
115801,0.88,19.39,163.00
115803,12.85,27.33,1007.38
115805,1.00,18.01,194.11
115808,6.81,23.72,911.22
115812,56.55,43.66,3263.30
115813,4.21,22.43,653.35
115824,3.68,23.57,497.92
115830,8.15,22.99,1276.00
115843,3.46,24.48,496.20
115862,10.57,32.88,1016.62
115872,7.46,20.15,1312.36
115881,8.13,26.89,1051.93
115889,2.74,26.27,360.80
115894,9.10,24.21,1035.48
115895,9.74,28.48,926.36
115905,8.12,30.89,753.03
115917,4.93,23.46,610.19
115921,4.92,21.19,920.64
115936,7.95,23.35,944.85
115947,10.10,34.70,963.50
115962,5.59,33.04,567.94
115994,4.04,21.30,565.48
116016,7.37,25.55,886.73
116032,7.16,26.77,730.02
116041,2.71,22.66,425.46
116045,5.25,27.99,598.27
116053,2.33,17.98,487.14
116057,3.05,22.22,501.40
116076,4.42,30.26,509.50
116086,1.00,16.18,224.40
116087,5.63,21.48,816.13
116095,3.26,17.79,612.13
116107,8.49,30.85,908.56
116121,23.33,30.10,2661.13
116142,7.93,27.40,869.30
116152,4.17,23.30,623.71
116173,5.24,21.12,781.00
116183,5.70,24.49,844.04
116200,5.79,22.76,722.52
116205,3.57,24.07,545.38
116208,3.67,22.99,439.13
116221,12.21,28.34,1040.16
116238,1.36,14.34,325.80
116243,11.09,34.20,918.33
116268,6.23,27.03,800.10
116275,7.58,24.64,759.58
116279,8.11,28.18,976.50
116283,6.90,25.72,904.00
116285,4.54,19.05,615.54
116305,8.40,36.22,772.28
116306,14.52,29.49,1790.25
116315,15.73,35.07,1518.81
116317,7.20,28.03,748.93
116335,3.92,24.40,542.08
116338,5.49,20.88,945.00
116345,5.38,27.50,682.59
116347,11.61,31.20,1110.93
116352,8.10,26.84,779.97
116360,1.66,21.43,277.67
116418,7.73,28.07,878.57
116437,7.76,28.11,775.57
116467,5.45,17.85,795.67
116471,6.70,26.43,834.70
116488,5.39,27.52,620.43
116509,2.77,23.29,407.48
116510,20.75,44.50,1449.74
116533,6.29,26.86,727.57
116560,7.52,22.18,1236.12
116581,5.11,23.64,683.50
116593,4.92,26.51,648.96
116608,10.39,35.56,924.52
116611,3.37,18.25,587.72
116615,5.28,29.30,617.85
116621,8.99,31.35,877.38
116627,8.99,30.52,840.63
116633,3.11,17.52,639.00
116639,2.91,21.56,384.12
116657,9.01,27.90,810.95
116658,19.06,39.91,1671.44
116663,12.97,35.03,1231.71
116669,8.22,31.32,849.33
116687,13.24,29.84,1373.60
116695,6.34,26.93,766.83
116700,2.64,18.76,417.91
116701,3.38,27.12,419.27
116711,3.32,17.30,635.31
116728,4.68,25.36,545.54
116745,5.77,24.71,806.93
116750,2.70,23.96,373.26
116776,3.14,24.17,467.00
116787,4.46,21.80,716.23
116806,3.03,18.36,613.22
116810,1.59,25.29,226.00
116825,6.70,29.54,706.96
116826,2.35,19.43,406.27
116847,6.37,23.70,898.80
116858,4.91,26.99,637.16
116866,7.92,30.37,859.00
116883,5.92,24.38,679.62
116902,4.73,25.48,575.77
116910,3.96,20.55,638.65
116922,16.64,36.55,1569.33
116938,5.10,25.82,678.67
116945,3.25,21.87,449.44
116970,4.60,26.46,591.89
116986,5.54,22.31,736.33
116990,8.50,28.86,963.79
117017,10.31,33.16,1046.72
117037,3.14,20.11,551.71
117050,4.82,23.46,594.31
117062,8.38,30.40,913.67
117072,2.90,16.37,619.46
117080,5.40,23.88,668.80
117108,6.21,28.58,613.89
117135,12.65,27.91,1141.70
117142,2.72,18.71,520.50
117143,10.87,28.14,1106.17
117151,1.16,14.95,305.28
117153,4.81,22.62,688.78
117154,4.87,25.98,635.09
117162,9.10,27.73,935.78
117163,21.45,41.16,1376.17
117164,3.02,19.59,493.18
117173,5.69,24.22,727.52
117182,2.55,18.10,507.00
117194,6.12,24.90,750.95
117200,4.52,20.99,833.21
117238,4.01,20.15,708.63
117243,13.28,28.98,1063.65
117261,10.95,29.04,1246.44
117320,8.24,26.35,948.74
117358,1.17,22.37,188.00
117372,3.45,21.03,541.88
117381,10.66,26.20,1019.18
117393,6.60,23.15,725.20
117394,3.63,24.42,478.50
117398,5.41,22.23,809.13
117406,5.87,14.25,1486.43
117407,9.59,29.21,999.50
117408,4.88,27.79,552.67
117437,13.20,33.94,1127.17
117439,4.99,17.13,948.83
117441,7.23,28.46,883.00
117451,9.82,27.69,1170.80
117470,3.08,19.34,671.23
117503,15.77,32.17,1840.67
117507,2.49,17.59,456.54
117513,6.04,26.21,789.38
117531,6.34,20.91,915.61
117546,6.55,31.66,735.75
117555,7.96,25.56,1049.88
117559,4.07,25.07,526.24
117563,10.70,30.64,1168.62
117567,1.55,14.69,364.11
117576,11.46,30.94,1196.38
117578,14.48,33.75,1227.30
117581,4.29,18.47,877.17
117587,10.45,28.71,1118.78
117593,4.13,23.99,564.57
117594,8.77,26.84,950.20
117599,8.42,33.62,773.16
117601,11.46,30.86,1324.14
117605,4.75,19.41,728.18
117612,5.40,26.68,599.05
117617,4.69,27.40,609.33
117619,10.22,23.18,1242.28
117621,5.09,18.31,1012.00
117623,3.87,22.75,588.75
117626,7.69,28.80,895.52
117628,4.74,22.23,498.61
117631,6.52,23.58,897.82
117651,16.26,31.93,1362.34
117677,2.95,21.79,369.76
117710,2.93,22.87,467.33
117712,4.56,25.67,626.43
117729,12.95,34.73,1313.90
117732,3.28,20.49,588.47
117750,6.69,23.58,749.15
117762,3.12,21.74,402.87
117764,6.17,28.98,642.10
117768,3.90,22.26,585.87
117770,9.89,25.44,1246.50
117783,2.01,17.18,380.70
117794,6.45,28.09,621.86
117798,16.24,32.45,1248.75
117819,7.16,29.55,792.10
117823,13.44,34.85,1279.21
117829,5.57,13.92,1439.00
117850,0.94,14.88,224.30
117862,4.75,27.58,611.04
117867,11.53,33.68,1131.73
117879,7.81,39.18,684.00
117880,6.79,26.61,886.77
117888,4.44,23.21,605.56
117890,8.04,26.31,988.88
117898,2.44,19.50,470.67
117899,4.65,20.90,733.64
117903,4.72,21.25,742.00
117905,4.73,20.53,768.59
117911,5.02,25.52,670.36
117918,7.30,27.68,849.34
117920,5.34,21.73,806.17
117926,5.14,26.83,662.38
117930,4.71,19.36,631.50
117941,3.46,24.95,445.00
117961,5.04,23.06,662.02
117963,6.11,26.34,647.05
117966,6.32,20.79,942.25
117967,6.83,23.02,875.17
117982,15.82,39.64,1376.41
117986,4.52,22.73,563.10
118004,11.07,32.34,921.29
118005,2.54,21.48,414.93
118019,5.92,23.16,704.39
118025,4.89,23.94,723.54
118027,6.95,31.48,675.89
118028,9.88,29.22,1259.09
118032,6.15,24.14,697.89
118044,14.74,32.76,1568.67
118049,3.73,21.69,628.36
118051,7.32,25.61,952.67
118054,10.29,35.54,985.95
118059,7.24,27.21,725.43
118066,0.69,16.67,153.89
118074,4.99,24.89,641.22
118083,12.65,34.25,1163.13
118086,9.72,36.57,963.67
118093,3.24,21.26,555.22
118106,5.82,25.86,752.82
118110,13.47,34.90,1111.08
118112,5.28,22.08,727.31
118122,12.13,27.74,1134.32
118124,9.48,36.73,1028.25
118131,3.73,22.94,651.11
118132,4.23,21.34,682.80
118139,4.34,25.30,627.78
118140,19.14,38.85,1812.75
118147,8.06,27.29,1046.07
118148,4.12,19.43,728.00
118153,6.04,25.67,692.50
118164,3.37,20.18,501.33
118172,2.90,23.12,411.69
118179,5.24,25.43,687.44
118181,5.30,26.05,578.08
118190,4.88,28.84,590.00
118195,5.16,24.25,957.50
118198,5.38,24.65,686.81
118199,6.96,24.21,878.27
118200,13.45,29.17,1458.15
118206,1.64,16.78,334.43
118210,6.02,26.70,698.95
118215,4.90,27.93,566.10
118231,4.13,26.83,510.72
118235,6.22,25.70,688.44
118239,4.70,21.18,547.75
118254,10.30,27.94,1166.36
118264,14.20,25.98,1897.13
118266,6.34,26.63,821.62
118268,3.07,18.37,410.38
118276,4.56,21.97,683.55
118284,3.61,23.30,455.46
118300,7.20,25.71,765.95
118375,5.94,22.87,832.65
118408,8.55,28.55,1256.38
118420,5.62,25.70,747.67
118424,5.53,25.02,679.37
118425,3.11,15.34,780.75
118426,17.24,29.70,1483.18
118442,4.69,22.39,559.53
118474,3.36,21.25,545.28
118483,1.46,21.56,243.00
118506,4.34,24.04,600.43
118509,10.32,34.01,924.43
118510,6.88,27.53,692.17
118530,2.75,21.88,416.33
118571,9.30,40.10,818.50
118644,0.34,9.26,131.00
118731,6.21,26.15,831.23
118737,5.27,27.05,613.82
118741,2.68,20.07,409.33
118746,4.36,25.11,574.20
118751,10.28,26.57,850.57
118759,5.94,22.96,886.56
118824,18.54,34.41,1617.50
118831,4.31,24.09,570.33
118840,20.16,29.06,1539.94
118850,4.63,21.26,547.27
118857,7.08,29.60,742.71
118859,2.84,20.56,478.06
118861,6.02,21.39,770.69
118884,8.05,27.54,934.06
118898,5.29,27.11,586.95
118899,1.67,15.33,364.38
118905,9.33,30.20,966.31
118911,5.53,29.05,624.61
118915,8.13,28.28,961.60
118925,11.07,28.27,1148.27
118935,8.23,25.38,1029.94
118946,6.01,22.72,702.36
118970,15.54,40.54,1216.90
118985,6.56,26.21,876.39
118996,3.32,18.00,603.19
119008,9.77,31.13,996.32
119012,9.12,27.49,1167.18
119026,4.41,21.09,706.41
119029,9.53,32.88,875.70
119066,3.59,17.12,719.50
119067,11.55,23.78,1749.33
119068,1.65,17.68,346.50
119070,3.54,18.36,662.29
119075,14.27,28.80,1269.03
119081,9.84,32.73,915.33
119082,5.02,28.19,557.40
119086,4.38,21.00,712.00
119095,7.46,24.19,1055.75
119099,7.27,35.18,716.90
119102,5.63,26.18,680.83
119103,12.67,32.93,1418.57
119133,7.64,37.03,654.25
119143,2.62,22.79,424.95
119152,3.87,21.47,558.40
119154,3.08,21.05,461.71
119155,7.75,28.30,866.33
119156,19.99,26.48,1538.93
119174,6.84,15.89,1644.57
119176,5.91,27.51,638.67
119178,4.56,25.55,612.20
119198,3.73,19.76,588.44
119205,2.20,22.09,331.05
119220,6.05,25.30,747.27
119240,3.17,20.23,541.41
119241,4.35,25.43,588.64
119245,4.75,21.85,683.65
119248,1.80,17.39,336.00
119254,9.32,30.52,850.47
119279,4.78,26.76,534.00
119302,2.73,17.70,562.10
119308,5.61,24.99,667.75
119313,4.47,26.84,561.53
119315,6.77,27.17,762.22
119340,0.71,5.90,431.00
119355,4.32,25.27,564.68
119401,6.51,25.95,828.25
119423,6.39,27.57,809.80
119424,5.11,29.99,553.88
119432,6.67,27.13,850.07
119442,5.07,25.18,642.76
119461,11.70,29.11,1343.61
119492,8.60,23.74,1113.07
119494,3.92,21.14,663.75
119495,4.75,30.84,510.81
119497,17.07,25.14,1381.38
119500,6.75,27.10,609.33
119504,2.49,18.75,425.03
119512,4.34,22.00,636.04
119533,8.23,27.50,1029.38
119534,11.50,29.86,1193.87
119536,3.48,22.80,464.24
119546,28.68,38.11,1840.37
119597,12.90,30.87,1270.35
119653,1.87,13.54,470.00
119669,5.98,26.53,712.16
119701,25.40,30.56,2153.07
119709,9.72,28.89,1025.40
119711,3.72,26.32,480.79
119754,8.79,30.71,885.32
119757,5.66,26.17,767.50
119774,1.66,17.20,333.19
119775,5.05,27.55,591.49
119776,3.54,18.55,628.50
119777,15.26,30.42,1310.47
119794,11.05,27.64,1245.80
119797,24.92,49.66,2141.18
119811,6.76,22.45,859.36
119830,5.92,25.88,680.00
119842,3.53,19.69,541.67
119861,7.32,29.66,847.60
119863,7.23,28.51,840.50
119877,2.91,26.18,413.50
119921,0.31,22.00,51.00
119923,6.61,31.79,740.71
119929,25.80,31.87,1994.64
119991,6.64,28.74,747.39
119992,6.15,19.93,841.95
119997,7.27,29.03,776.13
120014,5.33,24.32,687.40
120016,15.68,35.36,1314.89
120045,3.84,24.27,476.23
120073,3.80,23.63,525.45
120085,6.18,25.80,748.94
120101,8.58,26.02,1059.14
120108,8.69,23.64,1200.45
120135,10.56,32.11,957.42
120136,4.06,20.08,646.28
120149,4.29,24.29,617.03
120156,3.52,21.85,576.07
120170,7.07,29.66,802.19
120177,1.58,17.36,331.50
120182,8.96,31.69,891.23
120209,7.79,28.54,810.63
120223,7.15,33.43,759.33
120245,18.21,35.15,1289.80
120256,9.07,29.52,998.79
120313,3.61,17.83,728.00
120336,4.76,26.97,583.92
120388,24.48,43.93,2052.33
120394,9.68,40.20,784.00
120419,0.86,17.49,171.50
120448,11.64,27.45,1093.77
120464,5.96,24.13,866.23
120501,5.36,25.40,674.31
120505,13.53,26.82,1356.43
120506,6.48,29.56,660.67
120511,9.22,34.71,947.36
120513,32.59,37.82,2059.41
120517,3.83,19.61,574.56
120537,8.81,25.14,1069.67
120551,4.01,27.96,468.00
120555,6.70,27.50,701.85
120570,6.79,27.60,714.12
120581,1.46,16.97,294.33
120606,4.08,25.39,573.92
120619,6.73,25.11,798.85
120657,3.85,26.64,446.50
120664,8.62,28.78,1015.72
120678,3.90,26.44,527.92
120683,11.65,32.75,1288.75
120690,5.09,25.70,633.71
120743,3.33,21.69,514.50
120748,3.13,18.76,515.85
120792,5.43,25.23,545.46
120807,5.31,21.97,621.17
120820,1.00,15.57,249.50
120860,3.32,24.08,468.68
120875,21.80,43.10,1419.32
120958,5.54,21.61,942.25
120993,3.67,21.58,575.47
121133,13.08,32.86,1254.24
121181,5.03,27.62,577.36
121184,6.02,25.71,738.38
121221,2.50,20.77,405.82
121241,14.97,39.07,1199.42
121259,7.16,28.19,643.00
121278,3.88,21.93,608.23
121287,7.25,26.38,728.28
121290,3.03,21.10,463.00
121294,20.41,40.92,1377.69
121357,7.27,28.77,725.05
121362,2.01,19.34,361.31
121397,4.46,22.31,594.61
121421,7.88,27.76,892.03
121438,7.08,25.91,956.96
121447,5.39,17.81,1040.43
121480,6.48,23.46,1016.50
121501,4.50,26.78,527.12
121540,12.40,31.57,1342.92
121550,3.92,23.53,534.19
121552,4.59,23.80,652.82
121554,8.01,30.71,858.78
121557,7.29,28.61,654.00
121562,9.64,28.12,1233.00
121565,9.16,27.61,1115.04
121566,4.86,24.39,575.42
121580,3.40,20.87,450.38
121589,3.91,23.91,518.06
121688,5.27,32.08,553.80
121700,2.17,19.80,380.12
121780,7.67,28.27,865.47
121800,1.04,19.96,201.86
121861,2.38,21.52,386.12
121865,2.36,14.10,755.73
121878,11.62,33.26,974.00
121902,4.54,27.37,581.26
121950,7.30,27.99,681.87
121959,5.97,28.55,644.82
121983,9.68,30.30,1125.54
121990,20.50,35.43,1524.14
121997,5.34,27.32,648.63
122008,2.74,19.53,397.94
122018,2.70,14.57,697.00
122085,4.21,24.39,521.45
122086,5.04,24.26,646.27
122113,16.33,27.87,1128.33
122190,7.56,31.85,728.00
122227,10.21,29.16,841.61
122253,7.18,28.57,832.60
122318,6.98,27.95,719.29
122330,3.35,19.92,550.38
122457,34.19,47.08,2887.67
122480,5.87,28.70,621.57
122533,4.39,26.91,521.74
122548,7.30,29.20,747.83
122569,5.90,26.37,751.64
122585,2.40,19.46,413.89
122614,4.08,18.97,640.92
122688,4.31,22.94,619.42
122829,13.46,36.40,1300.00
122837,7.75,29.75,835.58
122946,5.16,27.07,622.46
123007,5.51,22.29,763.50
123021,4.47,20.02,607.00
904666,10.39,27.00,1079.43
904693,9.24,22.93,946.10
904738,1.77,19.53,335.91
904746,1.06,16.34,244.56
904749,9.96,25.82,1009.54
904838,4.64,22.26,664.05
904851,5.19,22.06,829.53
904918,13.97,35.20,1174.50
905080,5.04,17.50,1190.37
905089,11.28,26.88,1085.63
905107,5.17,21.46,818.20
905111,6.64,20.92,895.00
905132,4.40,19.27,711.72
905197,14.76,31.67,1440.71
905283,3.28,20.94,475.81
905328,4.92,19.87,825.94
905368,12.66,38.40,1005.13
905447,9.21,34.40,821.68
905533,8.70,27.47,1252.18
905557,8.70,28.85,925.51
905592,10.43,25.67,1386.28
905708,3.24,17.72,636.83
905714,9.47,25.30,1311.71
905759,9.49,22.71,1118.27
905898,5.11,24.00,677.82
906092,8.59,25.72,1027.70
906218,6.97,22.99,879.83
906383,13.07,29.94,4453.30
906468,6.27,23.88,879.14
906472,4.88,19.07,761.89
906523,6.29,23.22,752.03
906802,5.65,22.04,717.02
907122,11.88,31.15,1333.71
907135,2.21,15.90,413.89
907138,4.24,20.35,719.94
907178,6.79,33.80,754.67
907195,6.27,25.16,782.61
907199,8.86,26.19,1035.50
907287,7.32,26.91,788.02
907363,13.49,27.76,1689.97
907523,6.00,30.71,489.00
907589,5.25,24.13,533.29
907698,35.53,24.61,2346.24
907946,6.12,26.62,791.80
908087,6.53,29.03,802.21
908088,7.37,31.62,788.83
908097,5.87,28.22,689.71
908374,8.57,26.19,1023.33
908477,8.54,32.43,921.89
908588,20.66,29.96,2298.55
908685,16.47,32.90,1471.21
908760,4.87,21.48,693.00
908941,7.20,26.71,1953.50
909090,7.05,27.44,761.29
909196,9.80,31.22,1021.50
909253,10.15,29.03,1497.81
909265,7.93,29.95,809.32
909312,7.75,35.39,814.93
909352,9.34,31.45,935.41
909464,5.68,20.26,846.88
909489,5.18,28.53,650.95
909629,5.31,20.85,600.83
909635,6.48,26.55,767.46
909733,4.83,25.15,550.19
909805,8.93,36.34,840.90
909847,6.11,26.01,764.03
909872,7.48,28.41,841.64
909967,4.02,25.75,536.00
909990,3.19,21.45,562.78
910009,4.64,21.58,796.86
910045,6.63,21.54,924.63
910316,3.25,11.99,880.50
910332,1.77,17.16,418.64
910376,2.61,18.43,455.67
910480,7.36,28.27,840.44
910662,7.10,24.05,975.73
910776,4.64,23.21,621.41
910878,6.38,30.97,610.60
911093,2.90,20.02,440.08
911155,3.72,21.93,524.29
911204,5.84,29.02,659.91
911310,18.53,39.47,1321.34
911461,7.27,26.81,922.41
911481,9.03,33.07,854.36
911484,12.04,33.20,1446.50
911522,35.43,37.50,2402.00
911652,3.67,19.49,494.74
912151,5.60,29.92,572.09
912316,5.56,20.34,872.28
912442,3.62,27.81,501.75
912472,6.66,29.94,654.35
912587,7.17,29.02,729.73
912628,1.39,19.29,291.92
912659,0.94,15.24,237.06
912693,6.03,23.29,586.88
912713,1.30,19.43,240.33
912747,5.93,24.83,534.37
912948,3.74,18.23,741.78
913000,4.09,15.90,1208.42
913103,5.69,22.45,761.43
913187,6.01,24.58,728.54
913195,3.32,21.15,652.14
913196,13.58,31.81,1323.42
913221,11.21,24.86,1821.00
913242,3.98,24.89,510.94
913293,10.24,41.88,880.00
913315,8.94,28.18,1909.45
913325,11.62,31.03,1739.00
913398,20.66,38.77,1855.09
913428,2.76,19.71,473.73
913442,12.87,32.33,1481.00
913460,8.54,28.48,1032.76
913509,8.38,26.65,1034.38
913557,4.25,22.18,666.81
913697,6.26,24.54,815.60
913868,6.60,26.25,836.63
913922,7.80,26.62,1044.57
913988,5.56,28.28,688.47
914007,13.28,28.48,1810.46
914176,6.14,27.49,809.43
914319,3.06,20.92,458.06
914367,5.54,24.38,651.47
914478,2.05,22.19,309.56
914743,1.05,17.25,201.83
914838,1.71,18.92,322.50
914844,3.88,18.49,457.12
914928,5.39,24.70,702.10
914981,5.60,24.53,766.67
915079,7.71,29.45,887.06
915094,7.40,25.74,926.29
915148,6.19,26.99,695.01
915262,6.52,29.07,774.00
915307,4.17,21.89,711.67
915326,6.06,24.15,867.63
915349,8.80,32.86,829.71
915395,8.16,28.48,804.50
915483,7.93,26.47,1052.77
915512,14.99,39.79,1250.07
915629,4.34,25.35,614.29
915684,3.87,21.61,624.53
915716,6.92,27.99,854.20
915812,10.13,35.27,860.82
915842,8.01,30.13,940.25
915915,7.83,26.90,869.78
916003,6.60,27.40,681.54
916107,8.30,28.64,943.83
916164,15.07,28.55,1101.86
916267,11.02,25.19,1100.31
916467,2.14,16.58,459.63
916705,7.85,32.33,774.46
916709,1.57,27.24,192.67
916730,37.88,32.74,2709.90
916790,1.58,19.23,295.12
916949,10.89,38.27,987.00
917051,13.00,26.14,1138.46
917219,15.13,23.45,1633.38
917233,3.37,21.23,530.53
917294,6.60,27.03,880.18
917436,2.22,16.10,490.74
917789,5.01,23.87,736.67
917794,7.12,28.57,800.02
917882,5.25,24.43,690.45
918042,3.14,21.91,390.22
918099,15.68,28.89,1369.87
918198,9.76,40.66,724.63
918220,1.49,18.03,288.94
918269,2.13,15.35,452.80
918315,2.21,19.20,440.43
918368,2.85,19.93,462.79
918376,13.31,28.54,1537.10
918563,7.00,27.41,845.81
918656,1.33,13.29,375.33
918829,3.16,20.33,511.38
918948,6.35,23.85,775.00
918978,3.59,20.21,610.29
919125,4.48,24.33,500.82
919261,10.94,35.20,1036.87
919364,9.03,27.82,922.11
919506,4.81,23.29,520.31
919515,5.63,26.28,690.31
919643,11.09,31.80,1045.70
919812,3.32,24.53,453.69
919814,6.46,26.78,745.68
920072,11.02,29.13,1078.83
920274,16.72,40.58,1283.88
920437,2.91,18.86,521.60
920459,9.47,29.64,931.44
920492,5.54,24.77,657.67
920662,7.33,19.81,1185.90
920896,4.49,23.36,550.51
920970,5.57,22.61,834.92
921009,8.51,25.31,941.46
921013,5.96,20.22,999.83
921130,8.77,33.23,971.06
921139,3.49,23.46,494.32
921296,9.42,34.11,909.60
921316,4.93,25.30,584.58
921325,8.17,27.20,770.13
921372,9.95,30.29,929.33
921728,5.03,22.25,657.21
921780,4.34,22.33,599.83
921808,4.69,25.91,558.52
921838,12.01,36.01,964.02
921885,9.71,29.90,981.37
922022,2.14,18.06,424.07
922030,8.22,26.15,1043.05
922165,6.68,26.62,882.75
922252,7.93,25.69,972.73
922341,5.92,27.03,691.59
922422,2.41,18.40,407.78
922480,6.13,21.62,758.33
922497,3.68,20.01,622.33
922523,5.41,24.41,693.50
922612,8.33,31.41,891.22
922618,3.29,21.01,454.89
922631,1.11,13.13,307.90
922721,1.86,18.09,362.56
923094,17.95,30.48,1419.73
923235,4.60,24.01,552.19
923277,4.15,25.94,521.62
923280,3.95,21.54,520.27
923324,9.73,30.34,986.88
923406,10.78,33.68,976.45
923426,4.14,21.18,744.11
923536,4.43,23.94,619.26
923668,6.04,27.66,663.00
923780,6.81,27.05,747.94
923857,14.20,28.60,1269.48
923908,6.16,20.19,1402.00
923926,3.16,21.26,485.90
923984,16.83,39.98,1408.29
924395,2.47,19.27,463.30
924608,1.04,14.57,263.25
924672,2.97,25.95,386.62
924697,4.72,26.10,567.86
924852,10.21,32.57,932.67
924927,4.09,24.00,530.19
924929,4.06,23.16,628.00
924951,17.40,36.39,1274.20
924964,10.59,32.12,1068.67
924979,10.84,32.95,1005.07
925035,13.41,27.05,1133.75
925040,5.85,27.34,685.09
925307,6.70,26.90,966.31
925392,20.05,33.14,2141.29
925440,6.01,28.50,713.25
925470,8.35,30.86,870.29
925483,4.06,24.37,583.00
925532,4.89,23.21,766.75
925681,6.08,31.36,644.92
925884,6.42,24.21,830.43
925902,8.21,30.33,854.85
925997,3.34,21.10,605.22
926213,5.84,25.16,620.25
926294,2.25,18.83,372.57
926378,4.85,24.96,702.18
926471,9.26,29.85,932.00
926485,3.10,17.24,608.00
926526,4.63,21.61,717.80
926629,7.11,28.85,784.27
926673,1.16,13.27,325.67
926764,10.16,29.23,1045.07
926830,6.82,25.54,772.40
926860,6.84,26.01,840.59
926882,5.63,26.30,611.80
927007,8.05,30.45,870.79
927016,3.75,28.36,417.88
927093,7.52,28.83,849.07
927099,3.14,18.19,663.81
927305,4.19,22.47,566.41
927418,2.42,24.79,321.57
927505,8.17,26.00,921.32
927550,5.58,27.32,590.00
927575,15.02,26.05,1445.67
927655,5.35,20.66,747.95
927757,9.54,32.59,842.54
927762,10.08,30.33,964.30
927860,3.58,22.10,508.26
927883,7.81,33.58,738.35
927896,11.89,39.55,1082.00
928031,25.08,35.68,1961.56
928260,2.78,18.66,461.50
928437,11.56,31.61,1143.81
928695,4.37,18.67,637.14
928696,1.97,16.02,442.08
928931,22.29,34.24,1733.86
929207,19.16,34.29,1408.00
929229,26.61,38.05,1817.00
929290,12.64,33.08,1284.57
929429,10.20,27.38,1250.11
929642,2.48,17.17,498.92
929770,13.23,31.77,1278.63
929776,4.02,26.01,518.21
929883,7.68,26.30,879.48
929971,3.45,21.51,485.03
929985,11.07,22.34,1213.00
930023,1.69,13.82,441.33
930126,4.74,21.38,632.92
930300,9.77,26.96,1000.95
930570,0.72,11.00,236.00
930984,9.10,35.74,835.00
931220,7.23,27.77,914.00
931452,2.39,22.81,343.42
931584,5.70,28.28,634.20
931617,16.01,31.12,1451.08
932216,3.36,18.09,556.40
932406,2.18,17.92,416.73
932534,1.13,14.59,324.14
932635,6.52,25.36,878.18
932708,23.55,38.92,1453.86
932805,11.16,29.94,1174.83
932958,4.38,24.63,568.71
933155,9.15,27.11,1379.36
933183,2.52,21.39,432.11
933336,7.79,25.72,1059.43
933514,4.60,28.05,560.13
933609,2.39,18.13,606.00
933740,11.36,32.41,1144.40
933866,2.74,17.29,518.73
933915,1.91,15.69,463.92
933991,5.94,19.98,821.27
934319,9.12,27.36,961.00
934346,3.91,20.87,722.54
934389,0.92,8.63,381.56
934461,3.27,17.55,574.19
934471,12.55,30.72,1213.63
934536,11.50,29.61,937.82
934633,11.28,33.21,1099.41
934635,13.84,38.76,1124.24
934721,7.64,27.46,982.29
934779,6.02,21.35,907.25
934868,9.23,24.37,954.49
935039,10.81,28.28,1158.48
935056,12.10,27.94,1290.60
935065,9.34,27.49,1624.50
935219,3.05,18.10,613.97
935333,4.66,22.08,655.67
935665,14.02,30.87,1330.19
935723,3.14,18.78,595.24
935793,6.53,27.07,771.84
935911,5.90,29.21,640.42
937142,3.05,20.30,599.00
937798,4.68,24.34,592.76
937977,3.20,19.05,538.00
938110,3.45,22.19,487.30
938131,3.01,21.73,363.00
938230,2.16,15.75,417.50
938817,0.53,3.02,611.00
938874,8.09,26.61,969.60
939028,14.30,31.12,1135.37
939772,7.47,29.03,742.04
940305,2.77,18.22,467.44
940324,3.17,20.59,546.84
940877,7.81,27.64,786.35
940886,10.78,31.82,909.73
941285,4.18,25.42,457.93
941598,3.40,26.31,468.72
942083,12.11,21.30,889.18
942133,6.00,24.94,922.00
942144,1.72,15.75,430.94
942464,4.25,24.11,497.87
942487,18.42,38.55,1628.00
942693,8.51,31.89,865.73
942849,0.13,3.12,155.00
942862,10.76,29.01,1350.69
943738,7.29,29.51,780.12
943828,1.70,11.05,643.33
943910,11.92,27.32,1288.67
943956,1.69,15.70,385.16
944018,4.43,22.81,684.28
944047,10.94,31.13,1144.16
944543,2.57,17.72,492.00
944770,2.01,17.53,380.33
944858,5.75,25.59,675.50
945009,4.36,17.74,545.44
945272,7.79,35.47,690.67
945293,1.74,18.10,395.88
945318,4.62,25.83,663.44
945355,3.78,20.40,484.68
945441,2.66,16.94,483.82
945525,8.44,28.37,920.11
945532,7.44,28.64,990.90
945568,14.58,28.00,1280.10
945628,4.93,25.32,565.12
945705,10.18,28.66,1191.78
945765,8.35,37.86,737.80
945826,7.16,26.74,911.27
946754,8.81,31.30,845.54
946804,6.66,25.96,851.47
947259,12.99,28.37,1190.44
947351,5.67,25.32,820.80
947395,5.79,26.24,719.36
947422,5.94,32.63,632.88
947561,6.99,25.63,1002.14
947708,7.77,27.01,801.36
948383,2.01,21.24,338.00
948838,4.50,24.03,642.19
949240,5.44,26.70,603.42
949308,9.07,27.53,989.64
949496,7.29,24.92,1000.38
949682,32.61,36.01,2181.38
951115,8.70,31.09,877.44
951127,8.75,27.61,990.13
951522,3.34,16.96,628.17
952089,2.04,13.41,542.52
952161,1.40,16.61,313.63
952628,2.67,21.05,422.71
952763,6.63,27.41,863.51
953472,5.52,25.58,759.09
953560,13.18,28.55,1230.93
953993,9.77,19.38,1142.12
954092,5.13,24.51,740.47
954323,2.36,19.73,300.60
954578,9.75,23.08,1093.82
954715,2.88,12.72,637.13
954805,5.79,23.22,854.00
954824,4.65,20.61,591.94
954909,7.93,24.81,909.12
955001,7.90,26.57,1064.70
955302,10.54,30.45,1084.59
955313,3.49,22.44,517.52
955432,5.53,22.90,850.38
955800,3.09,17.93,570.83
Grand Total,6.98,25.54,799.32
