<?xml version="1.0"?>
<!--<!DOCTYPE metadata SYSTEM "http://www.esri.com/metadata/esriprof80.dtd">-->
<metadata xml:lang="en"><Esri><CreaDate>20090826</CreaDate><CreaTime>13332800</CreaTime><SyncOnce>FALSE</SyncOnce><SyncDate>20090826</SyncDate><SyncTime>13524500</SyncTime><ModDate>20090826</ModDate><ModTime>13524500</ModTime><MetaID>{BAC00E7A-E321-4FE0-AC32-C60F4CED6A52}</MetaID><DataProperties><lineage><Process ToolSource="C:\Program Files\ArcGIS\ArcToolbox\Toolboxes\Data Management Tools.tbx\Append" Date="20090826" Time="133602">Append us;ca "C:\Documents and Settings\xl1005\Desktop\data2\usCopy.shp" NO_TEST "AREA 'AREA' true false false 12 Double 3 11 ,First,#,C:\Documents and Settings\xl1005\Desktop\data2\us.shp,AREA,-1,-1,C:\Documents and Settings\xl1005\Desktop\data2\ca.shp,SQMI_ADMIN,-1,-1;STATE_NAME 'STATE_NAME' true false false 25 Text 0 0 ,First,#,C:\Documents and Settings\xl1005\Desktop\data2\us.shp,STATE_NAME,-1,-1,C:\Documents and Settings\xl1005\Desktop\data2\ca.shp,ADMIN_NAME,-1,-1;STATE_FIPS 'STATE_FIPS' true false false 2 Text 0 0 ,First,#,C:\Documents and Settings\xl1005\Desktop\data2\us.shp,STATE_FIPS,-1,-1,C:\Documents and Settings\xl1005\Desktop\data2\ca.shp,FIPS_ADMIN,-1,-1;SUB_REGION 'SUB_REGION' true false false 7 Text 0 0 ,First,#,C:\Documents and Settings\xl1005\Desktop\data2\us.shp,SUB_REGION,-1,-1;STATE_ABBR 'STATE_ABBR' true false false 2 Text 0 0 ,First,#,C:\Documents and Settings\xl1005\Desktop\data2\us.shp,STATE_ABBR,-1,-1;POP1990 'POP1990' true false false 10 Double 0 10 ,First,#,C:\Documents and Settings\xl1005\Desktop\data2\us.shp,POP1990,-1,-1;POP1997 'POP1997' true false false 10 Double 0 10 ,First,#,C:\Documents and Settings\xl1005\Desktop\data2\us.shp,POP1997,-1,-1,C:\Documents and Settings\xl1005\Desktop\data2\ca.shp,POP_ADMIN,-1,-1;POP90_SQMI 'POP90_SQMI' true false false 5 Long 0 5 ,First,#,C:\Documents and Settings\xl1005\Desktop\data2\us.shp,POP90_SQMI,-1,-1;HOUSEHOLDS 'HOUSEHOLDS' true false false 9 Long 0 9 ,First,#,C:\Documents and Settings\xl1005\Desktop\data2\us.shp,HOUSEHOLDS,-1,-1;MALES 'MALES' true false false 9 Long 0 9 ,First,#,C:\Documents and Settings\xl1005\Desktop\data2\us.shp,MALES,-1,-1;FEMALES 'FEMALES' true false false 9 Long 0 9 ,First,#,C:\Documents and Settings\xl1005\Desktop\data2\us.shp,FEMALES,-1,-1;WHITE 'WHITE' true false false 9 Long 0 9 ,First,#,C:\Documents and Settings\xl1005\Desktop\data2\us.shp,WHITE,-1,-1;BLACK 'BLACK' true false false 8 Long 0 8 ,First,#,C:\Documents and Settings\xl1005\Desktop\data2\us.shp,BLACK,-1,-1;AMERI_ES 'AMERI_ES' true false false 7 Long 0 7 ,First,#,C:\Documents and Settings\xl1005\Desktop\data2\us.shp,AMERI_ES,-1,-1;ASIAN_PI 'ASIAN_PI' true false false 8 Long 0 8 ,First,#,C:\Documents and Settings\xl1005\Desktop\data2\us.shp,ASIAN_PI,-1,-1;OTHER 'OTHER' true false false 8 Long 0 8 ,First,#,C:\Documents and Settings\xl1005\Desktop\data2\us.shp,OTHER,-1,-1;HISPANIC 'HISPANIC' true false false 8 Long 0 8 ,First,#,C:\Documents and Settings\xl1005\Desktop\data2\us.shp,HISPANIC,-1,-1;AGE_UNDER5 'AGE_UNDER5' true false false 8 Long 0 8 ,First,#,C:\Documents and Settings\xl1005\Desktop\data2\us.shp,AGE_UNDER5,-1,-1;AGE_5_17 'AGE_5_17' true false false 8 Long 0 8 ,First,#,C:\Documents and Settings\xl1005\Desktop\data2\us.shp,AGE_5_17,-1,-1;AGE_18_29 'AGE_18_29' true false false 8 Long 0 8 ,First,#,C:\Documents and Settings\xl1005\Desktop\data2\us.shp,AGE_18_29,-1,-1;AGE_30_49 'AGE_30_49' true false false 8 Long 0 8 ,First,#,C:\Documents and Settings\xl1005\Desktop\data2\us.shp,AGE_30_49,-1,-1;AGE_50_64 'AGE_50_64' true false false 8 Long 0 8 ,First,#,C:\Documents and Settings\xl1005\Desktop\data2\us.shp,AGE_50_64,-1,-1;AGE_65_UP 'AGE_65_UP' true false false 8 Long 0 8 ,First,#,C:\Documents and Settings\xl1005\Desktop\data2\us.shp,AGE_65_UP,-1,-1;NEVERMARRY 'NEVERMARRY' true false false 8 Long 0 8 ,First,#,C:\Documents and Settings\xl1005\Desktop\data2\us.shp,NEVERMARRY,-1,-1;MARRIED 'MARRIED' true false false 9 Long 0 9 ,First,#,C:\Documents and Settings\xl1005\Desktop\data2\us.shp,MARRIED,-1,-1;SEPARATED 'SEPARATED' true false false 7 Long 0 7 ,First,#,C:\Documents and Settings\xl1005\Desktop\data2\us.shp,SEPARATED,-1,-1;WIDOWED 'WIDOWED' true false false 8 Long 0 8 ,First,#,C:\Documents and Settings\xl1005\Desktop\data2\us.shp,WIDOWED,-1,-1;DIVORCED 'DIVORCED' true false false 8 Long 0 8 ,First,#,C:\Documents and Settings\xl1005\Desktop\data2\us.shp,DIVORCED,-1,-1;HSEHLD_1_M 'HSEHLD_1_M' true false false 8 Long 0 8 ,First,#,C:\Documents and Settings\xl1005\Desktop\data2\us.shp,HSEHLD_1_M,-1,-1;HSEHLD_1_F 'HSEHLD_1_F' true false false 8 Long 0 8 ,First,#,C:\Documents and Settings\xl1005\Desktop\data2\us.shp,HSEHLD_1_F,-1,-1;MARHH_CHD 'MARHH_CHD' true false false 8 Long 0 8 ,First,#,C:\Documents and Settings\xl1005\Desktop\data2\us.shp,MARHH_CHD,-1,-1;MARHH_NO_C 'MARHH_NO_C' true false false 8 Long 0 8 ,First,#,C:\Documents and Settings\xl1005\Desktop\data2\us.shp,MARHH_NO_C,-1,-1;MHH_CHILD 'MHH_CHILD' true false false 7 Long 0 7 ,First,#,C:\Documents and Settings\xl1005\Desktop\data2\us.shp,MHH_CHILD,-1,-1;FHH_CHILD 'FHH_CHILD' true false false 7 Long 0 7 ,First,#,C:\Documents and Settings\xl1005\Desktop\data2\us.shp,FHH_CHILD,-1,-1;HSE_UNITS 'HSE_UNITS' true false false 9 Long 0 9 ,First,#,C:\Documents and Settings\xl1005\Desktop\data2\us.shp,HSE_UNITS,-1,-1;VACANT 'VACANT' true false false 7 Long 0 7 ,First,#,C:\Documents and Settings\xl1005\Desktop\data2\us.shp,VACANT,-1,-1;OWNER_OCC 'OWNER_OCC' true false false 8 Long 0 8 ,First,#,C:\Documents and Settings\xl1005\Desktop\data2\us.shp,OWNER_OCC,-1,-1;RENTER_OCC 'RENTER_OCC' true false false 8 Long 0 8 ,First,#,C:\Documents and Settings\xl1005\Desktop\data2\us.shp,RENTER_OCC,-1,-1;MEDIAN_VAL 'MEDIAN_VAL' true false false 7 Long 0 7 ,First,#,C:\Documents and Settings\xl1005\Desktop\data2\us.shp,MEDIAN_VAL,-1,-1;MEDIANRENT 'MEDIANRENT' true false false 4 Short 0 4 ,First,#,C:\Documents and Settings\xl1005\Desktop\data2\us.shp,MEDIANRENT,-1,-1;UNITS_1DET 'UNITS_1DET' true false false 8 Long 0 8 ,First,#,C:\Documents and Settings\xl1005\Desktop\data2\us.shp,UNITS_1DET,-1,-1;UNITS_1ATT 'UNITS_1ATT' true false false 7 Long 0 7 ,First,#,C:\Documents and Settings\xl1005\Desktop\data2\us.shp,UNITS_1ATT,-1,-1;UNITS2 'UNITS2' true false false 7 Long 0 7 ,First,#,C:\Documents and Settings\xl1005\Desktop\data2\us.shp,UNITS2,-1,-1;UNITS3_9 'UNITS3_9' true false false 8 Long 0 8 ,First,#,C:\Documents and Settings\xl1005\Desktop\data2\us.shp,UNITS3_9,-1,-1;UNITS10_49 'UNITS10_49' true false false 8 Long 0 8 ,First,#,C:\Documents and Settings\xl1005\Desktop\data2\us.shp,UNITS10_49,-1,-1;UNITS50_UP 'UNITS50_UP' true false false 8 Long 0 8 ,First,#,C:\Documents and Settings\xl1005\Desktop\data2\us.shp,UNITS50_UP,-1,-1;MOBILEHOME 'MOBILEHOME' true false false 7 Long 0 7 ,First,#,C:\Documents and Settings\xl1005\Desktop\data2\us.shp,MOBILEHOME,-1,-1;NO_FARMS87 'NO_FARMS87' true false false 7 Long 0 7 ,First,#,C:\Documents and Settings\xl1005\Desktop\data2\us.shp,NO_FARMS87,-1,-1;AVG_SIZE87 'AVG_SIZE87' true false false 5 Long 0 5 ,First,#,C:\Documents and Settings\xl1005\Desktop\data2\us.shp,AVG_SIZE87,-1,-1;CROP_ACR87 'CROP_ACR87' true false false 9 Long 0 9 ,First,#,C:\Documents and Settings\xl1005\Desktop\data2\us.shp,CROP_ACR87,-1,-1;AVG_SALE87 'AVG_SALE87' true false false 7 Long 0 7 ,First,#,C:\Documents and Settings\xl1005\Desktop\data2\us.shp,AVG_SALE87,-1,-1" # "C:\Documents and Settings\xl1005\Desktop\data2\usCopy.shp"</Process></lineage></DataProperties></Esri><idinfo><native Sync="TRUE">Microsoft Windows XP Version 5.1 (Build 2600) Service Pack 3; ESRI ArcCatalog 9.3.1.3000</native><descript><langdata Sync="TRUE">en</langdata><abstract>REQUIRED: A brief narrative summary of the data set.</abstract><purpose>REQUIRED: A summary of the intentions with which the data set was developed.</purpose></descript><citation><citeinfo><origin>REQUIRED: The name of an organization or individual that developed the data set.</origin><pubdate>REQUIRED: The date when the data set is published or otherwise made available for release.</pubdate><title Sync="TRUE">usca</title><ftname Sync="TRUE">usca</ftname><geoform Sync="TRUE">vector digital data</geoform><onlink Sync="TRUE">\\GEO-308145\C\Documents and Settings\xl1005\Desktop\data2\usca.shp</onlink></citeinfo></citation><timeperd><current>REQUIRED: The basis on which the time period of content information is determined.</current><timeinfo><sngdate><caldate>REQUIRED: The year (and optionally month, or month and day) for which the data set corresponds to the ground.</caldate></sngdate></timeinfo></timeperd><status><progress>REQUIRED: The state of the data set.</progress><update>REQUIRED: The frequency with which changes and additions are made to the data set after the initial data set is completed.</update></status><spdom><bounding><westbc Sync="TRUE">REQUIRED: Western-most coordinate of the limit of coverage expressed in longitude.</westbc><eastbc Sync="TRUE">REQUIRED: Eastern-most coordinate of the limit of coverage expressed in longitude.</eastbc><northbc Sync="TRUE">REQUIRED: Northern-most coordinate of the limit of coverage expressed in latitude.</northbc><southbc Sync="TRUE">REQUIRED: Southern-most coordinate of the limit of coverage expressed in latitude.</southbc></bounding><lboundng><leftbc Sync="TRUE">-178.215027</leftbc><rightbc Sync="TRUE">-52.614449</rightbc><bottombc Sync="TRUE">18.924782</bottombc><topbc Sync="TRUE">83.113876</topbc></lboundng></spdom><keywords><theme><themekt>REQUIRED: Reference to a formally registered thesaurus or a similar authoritative source of theme keywords.</themekt><themekey>REQUIRED: Common-use word or phrase used to describe the subject of the data set.</themekey></theme></keywords><accconst>REQUIRED: Restrictions and legal prerequisites for accessing the data set.</accconst><useconst>REQUIRED: Restrictions and legal prerequisites for using the data set after access is granted.</useconst><natvform Sync="TRUE">Shapefile</natvform></idinfo><dataIdInfo><envirDesc Sync="TRUE">Microsoft Windows XP Version 5.1 (Build 2600) Service Pack 3; ESRI ArcCatalog 9.3.1.3000</envirDesc><dataLang><languageCode Sync="TRUE" value="en"></languageCode></dataLang><idCitation><resTitle Sync="TRUE">usca</resTitle><presForm><PresFormCd Sync="TRUE" value="005"></PresFormCd></presForm></idCitation><spatRpType><SpatRepTypCd Sync="TRUE" value="001"></SpatRepTypCd></spatRpType><dataExt><geoEle><GeoBndBox esriExtentType="native"><westBL Sync="TRUE">-178.215027</westBL><eastBL Sync="TRUE">-52.614449</eastBL><northBL Sync="TRUE">83.113876</northBL><southBL Sync="TRUE">18.924782</southBL><exTypeCode Sync="TRUE">1</exTypeCode></GeoBndBox></geoEle></dataExt></dataIdInfo><metainfo><langmeta Sync="TRUE">en</langmeta><metstdn Sync="TRUE">FGDC Content Standards for Digital Geospatial Metadata</metstdn><metstdv Sync="TRUE">FGDC-STD-001-1998</metstdv><mettc Sync="TRUE">local time</mettc><metc><cntinfo><cntorgp><cntper>REQUIRED: The person responsible for the metadata information.</cntper><cntorg>REQUIRED: The organization responsible for the metadata information.</cntorg></cntorgp><cntaddr><addrtype>REQUIRED: The mailing and/or physical address for the organization or individual.</addrtype><city>REQUIRED: The city of the address.</city><state>REQUIRED: The state or province of the address.</state><postal>REQUIRED: The ZIP or other postal code of the address.</postal></cntaddr><cntvoice>REQUIRED: The telephone number by which individuals can speak to the organization or individual.</cntvoice></cntinfo></metc><metd Sync="TRUE">20090826</metd><metextns><onlink Sync="TRUE">http://www.esri.com/metadata/esriprof80.html</onlink><metprof Sync="TRUE">ESRI Metadata Profile</metprof></metextns></metainfo><mdLang><languageCode Sync="TRUE" value="en"></languageCode></mdLang><mdStanName Sync="TRUE">ISO 19115 Geographic Information - Metadata</mdStanName><mdStanVer Sync="TRUE">DIS_ESRI1.0</mdStanVer><mdChar><CharSetCd Sync="TRUE" value="004"></CharSetCd></mdChar><mdHrLv><ScopeCd Sync="TRUE" value="005"></ScopeCd></mdHrLv><mdHrLvName Sync="TRUE">dataset</mdHrLvName><distinfo><resdesc Sync="TRUE">Downloadable Data</resdesc><stdorder><digform><digtinfo><transize Sync="TRUE">1.363</transize><dssize Sync="TRUE">1.363</dssize></digtinfo></digform></stdorder></distinfo><distInfo><distributor><distorTran><onLineSrc><orDesc Sync="TRUE">002</orDesc><linkage Sync="TRUE">file://\\GEO-308145\C\Documents and Settings\xl1005\Desktop\data2\usca.shp</linkage><protocol Sync="TRUE">Local Area Network</protocol></onLineSrc><transSize Sync="TRUE">1.363</transSize></distorTran><distorFormat><formatName Sync="TRUE">Shapefile</formatName></distorFormat></distributor></distInfo><spdoinfo><direct Sync="TRUE">Vector</direct><ptvctinf><esriterm Name="usca"><efeatyp Sync="TRUE">Simple</efeatyp><efeageom Sync="TRUE">Polygon</efeageom><esritopo Sync="TRUE">FALSE</esritopo><efeacnt Sync="TRUE">114</efeacnt><spindex Sync="TRUE">TRUE</spindex><linrefer Sync="TRUE">FALSE</linrefer></esriterm><sdtsterm Name="usca"><sdtstype Sync="TRUE">G-polygon</sdtstype><ptvctcnt Sync="TRUE">114</ptvctcnt></sdtsterm></ptvctinf></spdoinfo><spatRepInfo><VectSpatRep><topLvl><TopoLevCd Sync="TRUE" value="001"></TopoLevCd></topLvl><geometObjs Name="usca"><geoObjTyp><GeoObjTypCd Sync="TRUE" value="001"></GeoObjTypCd></geoObjTyp><geoObjCnt Sync="TRUE">114</geoObjCnt></geometObjs></VectSpatRep></spatRepInfo><eainfo><detailed Name="usca"><enttyp><enttypl Sync="TRUE">usca</enttypl><enttypt Sync="TRUE">Feature Class</enttypt><enttypc Sync="TRUE">114</enttypc></enttyp><attr><attrlabl Sync="TRUE">FID</attrlabl><attalias Sync="TRUE">FID</attalias><attrtype Sync="TRUE">OID</attrtype><attwidth Sync="TRUE">4</attwidth><atprecis Sync="TRUE">0</atprecis><attscale Sync="TRUE">0</attscale><attrdef Sync="TRUE">Internal feature number.</attrdef><attrdefs Sync="TRUE">ESRI</attrdefs><attrdomv><udom Sync="TRUE">Sequential unique whole numbers that are automatically generated.</udom></attrdomv></attr><attr><attrlabl Sync="TRUE">Shape</attrlabl><attalias Sync="TRUE">Shape</attalias><attrtype Sync="TRUE">Geometry</attrtype><attwidth Sync="TRUE">0</attwidth><atprecis Sync="TRUE">0</atprecis><attscale Sync="TRUE">0</attscale><attrdef Sync="TRUE">Feature geometry.</attrdef><attrdefs Sync="TRUE">ESRI</attrdefs><attrdomv><udom Sync="TRUE">Coordinates defining the features.</udom></attrdomv></attr><attr><attrlabl Sync="TRUE">AREA</attrlabl><attalias Sync="TRUE">AREA</attalias><attrtype Sync="TRUE">Number</attrtype><attwidth Sync="TRUE">12</attwidth><atnumdec Sync="TRUE">3</atnumdec></attr><attr><attrlabl Sync="TRUE">STATE_NAME</attrlabl><attalias Sync="TRUE">STATE_NAME</attalias><attrtype Sync="TRUE">String</attrtype><attwidth Sync="TRUE">25</attwidth></attr><attr><attrlabl Sync="TRUE">STATE_FIPS</attrlabl><attalias Sync="TRUE">STATE_FIPS</attalias><attrtype Sync="TRUE">String</attrtype><attwidth Sync="TRUE">2</attwidth></attr><attr><attrlabl Sync="TRUE">SUB_REGION</attrlabl><attalias Sync="TRUE">SUB_REGION</attalias><attrtype Sync="TRUE">String</attrtype><attwidth Sync="TRUE">7</attwidth></attr><attr><attrlabl Sync="TRUE">STATE_ABBR</attrlabl><attalias Sync="TRUE">STATE_ABBR</attalias><attrtype Sync="TRUE">String</attrtype><attwidth Sync="TRUE">2</attwidth></attr><attr><attrlabl Sync="TRUE">POP1990</attrlabl><attalias Sync="TRUE">POP1990</attalias><attrtype Sync="TRUE">Number</attrtype><attwidth Sync="TRUE">10</attwidth></attr><attr><attrlabl Sync="TRUE">POP1997</attrlabl><attalias Sync="TRUE">POP1997</attalias><attrtype Sync="TRUE">Number</attrtype><attwidth Sync="TRUE">10</attwidth></attr><attr><attrlabl Sync="TRUE">POP90_SQMI</attrlabl><attalias Sync="TRUE">POP90_SQMI</attalias><attrtype Sync="TRUE">Number</attrtype><attwidth Sync="TRUE">5</attwidth></attr><attr><attrlabl Sync="TRUE">HOUSEHOLDS</attrlabl><attalias Sync="TRUE">HOUSEHOLDS</attalias><attrtype Sync="TRUE">Number</attrtype><attwidth Sync="TRUE">9</attwidth></attr><attr><attrlabl Sync="TRUE">MALES</attrlabl><attalias Sync="TRUE">MALES</attalias><attrtype Sync="TRUE">Number</attrtype><attwidth Sync="TRUE">9</attwidth></attr><attr><attrlabl Sync="TRUE">FEMALES</attrlabl><attalias Sync="TRUE">FEMALES</attalias><attrtype Sync="TRUE">Number</attrtype><attwidth Sync="TRUE">9</attwidth></attr><attr><attrlabl Sync="TRUE">WHITE</attrlabl><attalias Sync="TRUE">WHITE</attalias><attrtype Sync="TRUE">Number</attrtype><attwidth Sync="TRUE">9</attwidth></attr><attr><attrlabl Sync="TRUE">BLACK</attrlabl><attalias Sync="TRUE">BLACK</attalias><attrtype Sync="TRUE">Number</attrtype><attwidth Sync="TRUE">8</attwidth></attr><attr><attrlabl Sync="TRUE">AMERI_ES</attrlabl><attalias Sync="TRUE">AMERI_ES</attalias><attrtype Sync="TRUE">Number</attrtype><attwidth Sync="TRUE">7</attwidth></attr><attr><attrlabl Sync="TRUE">ASIAN_PI</attrlabl><attalias Sync="TRUE">ASIAN_PI</attalias><attrtype Sync="TRUE">Number</attrtype><attwidth Sync="TRUE">8</attwidth></attr><attr><attrlabl Sync="TRUE">OTHER</attrlabl><attalias Sync="TRUE">OTHER</attalias><attrtype Sync="TRUE">Number</attrtype><attwidth Sync="TRUE">8</attwidth></attr><attr><attrlabl Sync="TRUE">HISPANIC</attrlabl><attalias Sync="TRUE">HISPANIC</attalias><attrtype Sync="TRUE">Number</attrtype><attwidth Sync="TRUE">8</attwidth></attr><attr><attrlabl Sync="TRUE">AGE_UNDER5</attrlabl><attalias Sync="TRUE">AGE_UNDER5</attalias><attrtype Sync="TRUE">Number</attrtype><attwidth Sync="TRUE">8</attwidth></attr><attr><attrlabl Sync="TRUE">AGE_5_17</attrlabl><attalias Sync="TRUE">AGE_5_17</attalias><attrtype Sync="TRUE">Number</attrtype><attwidth Sync="TRUE">8</attwidth></attr><attr><attrlabl Sync="TRUE">AGE_18_29</attrlabl><attalias Sync="TRUE">AGE_18_29</attalias><attrtype Sync="TRUE">Number</attrtype><attwidth Sync="TRUE">8</attwidth></attr><attr><attrlabl Sync="TRUE">AGE_30_49</attrlabl><attalias Sync="TRUE">AGE_30_49</attalias><attrtype Sync="TRUE">Number</attrtype><attwidth Sync="TRUE">8</attwidth></attr><attr><attrlabl Sync="TRUE">AGE_50_64</attrlabl><attalias Sync="TRUE">AGE_50_64</attalias><attrtype Sync="TRUE">Number</attrtype><attwidth Sync="TRUE">8</attwidth></attr><attr><attrlabl Sync="TRUE">AGE_65_UP</attrlabl><attalias Sync="TRUE">AGE_65_UP</attalias><attrtype Sync="TRUE">Number</attrtype><attwidth Sync="TRUE">8</attwidth></attr><attr><attrlabl Sync="TRUE">NEVERMARRY</attrlabl><attalias Sync="TRUE">NEVERMARRY</attalias><attrtype Sync="TRUE">Number</attrtype><attwidth Sync="TRUE">8</attwidth></attr><attr><attrlabl Sync="TRUE">MARRIED</attrlabl><attalias Sync="TRUE">MARRIED</attalias><attrtype Sync="TRUE">Number</attrtype><attwidth Sync="TRUE">9</attwidth></attr><attr><attrlabl Sync="TRUE">SEPARATED</attrlabl><attalias Sync="TRUE">SEPARATED</attalias><attrtype Sync="TRUE">Number</attrtype><attwidth Sync="TRUE">7</attwidth></attr><attr><attrlabl Sync="TRUE">WIDOWED</attrlabl><attalias Sync="TRUE">WIDOWED</attalias><attrtype Sync="TRUE">Number</attrtype><attwidth Sync="TRUE">8</attwidth></attr><attr><attrlabl Sync="TRUE">DIVORCED</attrlabl><attalias Sync="TRUE">DIVORCED</attalias><attrtype Sync="TRUE">Number</attrtype><attwidth Sync="TRUE">8</attwidth></attr><attr><attrlabl Sync="TRUE">HSEHLD_1_M</attrlabl><attalias Sync="TRUE">HSEHLD_1_M</attalias><attrtype Sync="TRUE">Number</attrtype><attwidth Sync="TRUE">8</attwidth></attr><attr><attrlabl Sync="TRUE">HSEHLD_1_F</attrlabl><attalias Sync="TRUE">HSEHLD_1_F</attalias><attrtype Sync="TRUE">Number</attrtype><attwidth Sync="TRUE">8</attwidth></attr><attr><attrlabl Sync="TRUE">MARHH_CHD</attrlabl><attalias Sync="TRUE">MARHH_CHD</attalias><attrtype Sync="TRUE">Number</attrtype><attwidth Sync="TRUE">8</attwidth></attr><attr><attrlabl Sync="TRUE">MARHH_NO_C</attrlabl><attalias Sync="TRUE">MARHH_NO_C</attalias><attrtype Sync="TRUE">Number</attrtype><attwidth Sync="TRUE">8</attwidth></attr><attr><attrlabl Sync="TRUE">MHH_CHILD</attrlabl><attalias Sync="TRUE">MHH_CHILD</attalias><attrtype Sync="TRUE">Number</attrtype><attwidth Sync="TRUE">7</attwidth></attr><attr><attrlabl Sync="TRUE">FHH_CHILD</attrlabl><attalias Sync="TRUE">FHH_CHILD</attalias><attrtype Sync="TRUE">Number</attrtype><attwidth Sync="TRUE">7</attwidth></attr><attr><attrlabl Sync="TRUE">HSE_UNITS</attrlabl><attalias Sync="TRUE">HSE_UNITS</attalias><attrtype Sync="TRUE">Number</attrtype><attwidth Sync="TRUE">9</attwidth></attr><attr><attrlabl Sync="TRUE">VACANT</attrlabl><attalias Sync="TRUE">VACANT</attalias><attrtype Sync="TRUE">Number</attrtype><attwidth Sync="TRUE">7</attwidth></attr><attr><attrlabl Sync="TRUE">OWNER_OCC</attrlabl><attalias Sync="TRUE">OWNER_OCC</attalias><attrtype Sync="TRUE">Number</attrtype><attwidth Sync="TRUE">8</attwidth></attr><attr><attrlabl Sync="TRUE">RENTER_OCC</attrlabl><attalias Sync="TRUE">RENTER_OCC</attalias><attrtype Sync="TRUE">Number</attrtype><attwidth Sync="TRUE">8</attwidth></attr><attr><attrlabl Sync="TRUE">MEDIAN_VAL</attrlabl><attalias Sync="TRUE">MEDIAN_VAL</attalias><attrtype Sync="TRUE">Number</attrtype><attwidth Sync="TRUE">7</attwidth></attr><attr><attrlabl Sync="TRUE">MEDIANRENT</attrlabl><attalias Sync="TRUE">MEDIANRENT</attalias><attrtype Sync="TRUE">Number</attrtype><attwidth Sync="TRUE">4</attwidth></attr><attr><attrlabl Sync="TRUE">UNITS_1DET</attrlabl><attalias Sync="TRUE">UNITS_1DET</attalias><attrtype Sync="TRUE">Number</attrtype><attwidth Sync="TRUE">8</attwidth></attr><attr><attrlabl Sync="TRUE">UNITS_1ATT</attrlabl><attalias Sync="TRUE">UNITS_1ATT</attalias><attrtype Sync="TRUE">Number</attrtype><attwidth Sync="TRUE">7</attwidth></attr><attr><attrlabl Sync="TRUE">UNITS2</attrlabl><attalias Sync="TRUE">UNITS2</attalias><attrtype Sync="TRUE">Number</attrtype><attwidth Sync="TRUE">7</attwidth></attr><attr><attrlabl Sync="TRUE">UNITS3_9</attrlabl><attalias Sync="TRUE">UNITS3_9</attalias><attrtype Sync="TRUE">Number</attrtype><attwidth Sync="TRUE">8</attwidth></attr><attr><attrlabl Sync="TRUE">UNITS10_49</attrlabl><attalias Sync="TRUE">UNITS10_49</attalias><attrtype Sync="TRUE">Number</attrtype><attwidth Sync="TRUE">8</attwidth></attr><attr><attrlabl Sync="TRUE">UNITS50_UP</attrlabl><attalias Sync="TRUE">UNITS50_UP</attalias><attrtype Sync="TRUE">Number</attrtype><attwidth Sync="TRUE">8</attwidth></attr><attr><attrlabl Sync="TRUE">MOBILEHOME</attrlabl><attalias Sync="TRUE">MOBILEHOME</attalias><attrtype Sync="TRUE">Number</attrtype><attwidth Sync="TRUE">7</attwidth></attr><attr><attrlabl Sync="TRUE">NO_FARMS87</attrlabl><attalias Sync="TRUE">NO_FARMS87</attalias><attrtype Sync="TRUE">Number</attrtype><attwidth Sync="TRUE">7</attwidth></attr><attr><attrlabl Sync="TRUE">AVG_SIZE87</attrlabl><attalias Sync="TRUE">AVG_SIZE87</attalias><attrtype Sync="TRUE">Number</attrtype><attwidth Sync="TRUE">5</attwidth></attr><attr><attrlabl Sync="TRUE">CROP_ACR87</attrlabl><attalias Sync="TRUE">CROP_ACR87</attalias><attrtype Sync="TRUE">Number</attrtype><attwidth Sync="TRUE">9</attwidth></attr><attr><attrlabl Sync="TRUE">AVG_SALE87</attrlabl><attalias Sync="TRUE">AVG_SALE87</attalias><attrtype Sync="TRUE">Number</attrtype><attwidth Sync="TRUE">7</attwidth></attr></detailed></eainfo><mdDateSt Sync="TRUE">20090826</mdDateSt><dataqual><lineage><procstep><procdesc Sync="TRUE">Dataset copied.</procdesc><srcused Sync="TRUE">C:\Documents and Settings\xl1005\Desktop\data2\us</srcused><procdate Sync="TRUE">20090826</procdate><proctime Sync="TRUE">13332800</proctime></procstep></lineage></dataqual></metadata>
